date,order_number
2018-01-22,34008921
2018-01-25,34397468
2018-02-06,34434432
2018-02-08,34579365
2018-03-05,35059326
2018-03-06,35147248
2018-03-10,35191739
2018-03-19,35342996
2018-03-20,35433679
2018-03-20,36793482
2018-03-27,35545393
2018-03-29,35605503
2018-04-02,38593423
2018-04-06,35750924
2018-04-14,35918993
2018-04-22,36148007
2018-04-25,36164932
2018-04-27,36255064
2018-04-29,36297635
2018-05-02,36384362
2018-05-11,36546708
2018-05-12,36601088
2018-05-18,36743491
2018-05-22,36849499
2018-05-24,36878078
2018-05-25,36935997
2018-05-29,36925889
2018-05-29,37013244
2018-06-01,37074850
2018-06-03,37109027
2018-06-05,36725281
2018-06-12,37238947
2018-06-14,37378913
2018-06-24,37477954
2018-06-24,37638336
2018-06-26,37699754
2018-06-29,37757778
2018-07-02,37877575
2018-07-05,37935852
2018-07-06,37958417
2018-07-07,37971518
2018-07-08,37995971
2018-07-10,38029743
2018-07-21,38289135
2018-07-28,38449420
2018-07-28,38458424
2018-07-30,38508557
2018-08-05,38543378
2018-08-10,38549239
2018-08-13,38794900
2018-08-20,38930478
2018-08-23,38978164
2018-08-26,39082322
2018-09-03,39182265
2018-09-07,39347442
2018-09-08,39352010
2018-09-10,39389300
2018-09-11,39390669
2018-09-14,39477781
2018-09-27,39699579
2018-10-01,39842035
2018-10-02,39852187
2018-10-03,39865990
2018-10-06,39952367
2018-10-07,40030929
2018-10-11,40044369
2018-10-13,40063437
2018-10-18,40243692
2018-10-20,40245649
2018-10-22,40265899
2018-10-24,40315317
2018-10-25,40366019
2018-11-02,40559914
2018-11-06,40629315
2018-11-10,40748975
2018-11-14,40805197
2018-11-15,40844932
2018-11-16,40878123
2018-11-20,40924996
2018-11-23,41090339
2018-11-24,41179524
2018-11-26,41226425
2018-11-28,41320997
2018-12-01,41371723
2018-12-03,41427696
2018-12-04,41456006
2018-12-07,41489686
2018-12-10,41638983
2018-12-11,41657387
2018-12-12,41661267
2018-12-13,41721095
2018-12-18,41795676
2018-12-20,41898367
2018-12-22,41978960
2018-12-22,41986950
2018-12-23,41995184
2018-12-29,42147846
2019-01-01,42188957
2019-01-03,42241111
2019-01-15,42524589
2019-01-19,42582143
2019-01-20,42584691
2019-01-22,42702824
2019-02-02,42924310
2019-02-04,42966304
2019-02-07,43047191
2019-02-09,43091492
2019-02-11,43146197
2019-02-18,43294014
2019-02-20,43328739
2019-02-24,43401159
2019-02-27,43468883
2019-03-01,43510112
2019-03-03,43560578
2019-03-06,43644749
2019-03-14,43706469
2019-03-15,43805522
2019-03-16,43837961
2019-03-20,43946972
2019-03-23,43991326
2019-03-29,44171711
2019-03-30,44211816
2019-04-02,44213303
2019-04-06,44404724
2019-04-13,44560071
2019-04-15,44562831
2019-04-19,44668180
2019-04-23,44789291
2019-04-27,44846384
2019-04-30,44970286
2019-05-02,45063992
2019-05-04,45086111
2019-05-08,45225494
2019-05-10,45255180
2019-05-14,45383691
2019-05-16,45451016
2019-05-18,45473047
2019-05-23,45563245
2019-05-23,45594963
2019-05-25,45641289
2019-05-27,45729142
2019-05-29,45755156
2019-05-31,45797374
2019-06-02,45817518
2019-06-04,45894309
2019-06-04,45937282
2019-06-06,46008955
2019-06-10,46121876
2019-06-13,46186474
2019-06-17,46312442
2019-06-20,46392965
2019-06-24,46447190
2019-06-25,46450146
2019-06-29,46517440
2019-07-01,46659939
2019-07-03,46725768
2019-07-04,46736598
2019-07-05,46795457
2019-07-07,46867046
2019-07-08,46923474
2019-07-10,46966667
2019-07-16,47048832
2019-07-18,47166493
2019-07-22,47250524
2019-07-24,47302918
2019-07-27,47311735
2019-08-04,47552249
2019-08-07,47724851
2019-08-10,47765140
2019-08-16,47922716
2019-08-18,47927865
2019-08-21,48022369
2019-08-24,48099223
2019-08-27,48191557
2019-09-05,48406425
2019-09-06,48419194
2019-09-07,48436960
2019-09-08,48466903
2019-09-12,48573876
2019-09-17,48704167
2019-09-21,48785380
2019-09-26,48928031
2019-09-29,49006640
2019-10-04,49121639
2019-10-06,49129353
2019-10-07,49189542
2019-10-09,49245736
2019-10-11,49294259
2019-10-18,49468661
2019-10-20,49514043
2019-10-22,49457753
2019-10-25,49630641
2019-10-30,49805542
2019-11-02,49869895
2019-11-05,49962167
2019-11-07,50014825
2019-11-11,50121844
2019-11-18,50326594
2019-11-25,50475167
2019-11-29,50762092
2019-11-29,50818986
2019-11-30,50854857
2019-12-01,50893694
2019-12-07,51129817
2019-12-10,51168712
2019-12-13,51290742
2019-12-15,51267307
2019-12-15,51346866
2019-12-16,51361713
2019-12-18,51418094
2019-12-20,51363264
2019-12-20,51507809
2019-12-21,51515222
2019-12-25,51655724
2019-12-26,51664794
2019-12-30,51793341
2020-01-02,51862478
2020-01-05,51943159
2020-01-06,51954708
2020-01-07,52020380
2020-01-20,52251389
2020-01-23,52437184
2020-01-25,52544865
2020-01-28,52567354
2020-01-28,52617483
2020-02-01,52688056
2020-02-06,52766533
2020-02-07,52864997
2020-02-09,52866933
2020-02-09,52915963
2020-02-11,52948455
2020-02-13,53048800
2020-02-15,53082820
2020-02-15,53095142
2020-02-17,53110376
2020-02-18,53142141
2020-02-19,53166594
2020-02-20,53197186
2020-02-23,53271714
2020-02-25,53316298
2020-02-26,53394143
2020-02-28,53434779
2020-03-03,53468183
2020-03-10,53735225
2020-03-11,51739027
2020-03-13,53794695
2020-03-16,53783425
2020-03-23,53953937
2020-03-24,53975535
2020-03-24,55410669
2020-03-29,54129391
2020-04-02,54194393
2020-04-05,54267121
2020-04-11,54729888
2020-04-29,54576657
2020-05-01,54809080
2020-05-20,55206215
2020-05-22,55384271
2020-06-01,55584891
2020-06-06,55836023
2020-06-06,57479504
2020-06-11,55756074
2020-06-13,56938235
2020-06-17,56977153
2020-06-17,57022287
2020-06-22,57241922
2020-06-23,57248820
2020-06-24,57308991
2020-06-25,57340709
2020-06-25,57355057
2020-06-28,57458036
2020-06-29,57477204
2020-07-01,57547069
2020-07-02,57578087
2020-07-02,57585181
2020-07-03,57593619
2020-07-03,57606690
2020-07-03,57625608
2020-07-05,57629797
2020-07-05,57649699
2020-07-07,57542047
2020-07-09,57751230
2020-07-10,57806990
2020-07-11,57836677
2020-07-12,57841797
2020-07-15,57865094
2020-07-16,57947667
2020-07-19,58026900
2020-07-20,58187079
2020-07-20,57944281
2020-07-21,58103862
2020-07-22,58071487
2020-07-22,58112409
2020-07-24,58165115
2020-07-27,58181052
2020-07-27,58199443
2020-07-28,58315028
2020-07-28,58315188
2020-08-01,58277314
2020-08-03,58325458
2020-08-04,58530974
2020-08-09,58613839
2020-08-10,58723969
2020-08-14,58757283
2020-08-16,58843389
2020-08-18,58892344
2020-08-20,58939174
2020-08-22,59010485
2020-08-24,59042901
2020-08-25,59074975
2020-08-26,59112386
2020-08-26,59151812
2020-08-28,59189582
2020-09-02,59288245
2020-09-04,59439744
2020-09-07,59310783
2020-09-07,59449481
2020-09-09,59766483
2020-09-13,59900822
2020-09-14,59970302
2020-09-17,60166374
2020-09-17,60273700
2020-09-19,60299033
2020-09-24,60407306
2020-09-28,60586466
2020-09-29,60611672
2020-10-01,60691206
2020-10-02,60764990
2020-10-05,60897040
2020-10-07,60959694
2020-10-10,61002197
2020-10-12,61073018
2020-10-20,61238227
2020-10-22,61385384
2020-10-30,61399058
2020-11-01,61651723
2020-11-09,61870497
2020-11-09,61896968
2020-11-13,61999460
2020-11-14,62062865
2020-11-17,62136222
2020-11-18,62138508
2020-11-20,62241249
2020-11-22,62300072
2020-11-26,62432586
2020-11-27,62552075
2020-11-29,62641911
2020-11-30,62846415
2020-12-02,62885316
2020-12-04,62954630
2020-12-05,63041045
2020-12-15,62689176
2020-12-16,63147664
2020-12-18,63258520
2020-12-19,63464337
2020-12-23,63614027
2021-01-02,63880369
2021-01-05,63939085
2021-01-05,64009610
2021-01-11,64187995
2021-01-22,64511361
2021-01-22,64748740
2021-02-06,64924268
2021-02-15,65801463
2021-02-20,65311401
2021-03-01,66143055
2021-03-13,66266843
2021-03-17,66316532
2021-03-23,66355720
2021-03-23,66384596
2021-03-23,66457944
2021-04-05,66924016
2021-04-15,66651562
2021-04-23,67571762
2021-04-23,67623309
2021-04-28,67875459
2021-04-29,67872325
2021-04-29,67033136
2021-04-30,67505895
2021-05-04,67088392
2021-05-04,68132439
2021-05-07,68228971
2021-05-11,68126547
2021-05-24,68896559
2021-05-26,68774720
2021-05-28,67700546
2021-05-30,68772273
2021-05-31,69253752
2021-06-05,68496447
2021-06-07,69177296
2021-06-07,69554111
2021-06-08,69630042
2021-06-09,69664452
2021-06-10,69730704
2021-06-11,69659009
2021-06-18,69773616
2021-06-21,69841905
2021-06-24,70267650
2021-06-30,70546564
2021-07-02,70563842
2021-07-04,70651193
2021-07-06,65885371
2021-07-09,70806487
2021-07-12,70868864
2021-07-13,70893219
2021-07-14,70924425
2021-07-23,71144649
2021-07-28,70090871
2021-07-30,70725311
2021-07-31,71503465
2021-08-03,71594837
2021-08-04,71618404
2021-08-06,71718714
2021-08-10,71475144
2021-08-10,71834243
2021-08-12,71175545
2021-08-13,71906480
2021-08-17,71793081
2021-08-19,71996137
2021-08-21,71965840
2021-08-23,72194803
2021-08-24,72247382
2021-08-27,79082549
2021-08-31,72196072
2021-09-01,72561590
2021-09-05,72649698
2021-09-08,72737642
2021-09-09,72774674
2021-09-19,73033620
2021-09-20,73039346
2021-09-21,73077843
2021-09-22,73158163
2021-09-26,72775398
2021-09-27,73289151
2021-10-04,73422056
2021-10-07,72587488
2021-10-08,73637560
2021-10-20,74002219
2021-10-22,74106081
2021-10-25,74144398
2021-10-29,74268671
2021-11-01,73939271
2021-11-02,74320950
2021-11-06,74340425
2021-11-06,74596711
2021-11-08,36054177
2021-11-09,74512053
2021-11-10,74490949
2021-11-11,74292085
2021-11-14,74700370
2021-11-18,74969246
2021-11-20,75016776
2021-11-21,75082826
2021-11-23,74800044
2021-11-24,75169794
2021-11-27,75364414
2021-11-28,75459277
2021-12-01,75636300
2021-12-05,75704761
2021-12-06,75771941
2021-12-07,75947021
2021-12-09,75678632
2021-12-12,76109256
2021-12-13,76181303
2021-12-19,76071120
2021-12-21,75334268
2021-12-24,75518380
2021-12-30,63864471
2022-01-03,76722960
2022-01-07,77041882
2022-01-10,76585030
2022-01-13,76897819
2022-01-15,76994257
2022-01-19,76943260
2022-01-20,77477067
2022-01-22,77559761
2022-01-24,77614154
2022-01-30,77846604
2022-02-03,77684453
2022-02-06,77965663
2022-02-06,78068544
2022-02-11,78242298
2022-02-14,78336568
2022-02-16,78398040
2022-02-17,78439584
2022-02-18,78492358
2022-02-22,78541794
2022-02-25,78686024
2022-02-26,78738368
2022-02-27,78785867
2022-03-04,78944133
2022-03-06,78979741
2022-03-06,79012479
2022-03-07,79012589
2022-03-09,78947052
2022-03-10,79110981
2022-03-12,79184486
2022-03-14,79264665
2022-03-15,79282767
2022-03-17,79277094
2022-03-20,79439658
2022-03-22,79294817
2022-03-22,79505912
2022-03-25,79584738
2022-03-27,79682987
2022-03-29,79531978
2022-03-29,79731413
2022-03-31,79807682
2022-04-03,79604207
2022-04-05,78719244
2022-04-05,79951059
2022-04-07,80074565
2022-04-09,79706485
2022-04-09,80147753
2022-04-11,80131199
2022-04-12,80225258
2022-04-13,80279417
2022-04-14,80292122
2022-04-16,80129304
2022-04-20,80469488
2022-04-22,80555771
2022-04-23,80587151
2022-04-26,80694126
2022-04-29,80852373
2022-05-04,81061586
2022-05-06,81103881
2022-05-07,81162520
2022-05-09,81221781
2022-05-10,81266072
2022-05-12,81345433
2022-05-30,81880375
2022-05-31,82061041
2022-06-08,82249434
2022-06-09,82328999
2022-06-17,82626998
2022-06-18,82709396
2022-06-24,82865393
2022-06-26,82987838
2022-07-08,83370399
2022-07-09,83435494
2022-07-11,83449757
2022-07-12,83516478
2022-07-16,83686551
2022-07-17,83719962
2022-07-18,83728125
2022-07-20,83784765
2022-07-26,83974455
2022-07-29,84102419
2022-08-04,84315391
2022-08-10,84508149
2022-08-11,84520219
2022-08-25,84972144
2022-08-29,85059193
2022-09-01,85175781
2022-09-03,85213434
2022-09-05,85271354
2022-09-06,85304783
2022-09-07,85338154
2022-09-09,85399082
2022-09-10,85423015
2022-09-12,85480489
2022-09-13,85511504
2022-09-15,85592336
2022-09-16,85629945
2022-09-19,85705517
2022-09-21,85755345
2022-09-22,85792291
2022-09-30,86033842
2022-10-03,86118380
2022-10-06,86224339
2022-10-08,86276482
2022-10-12,86406495
2022-10-18,86581999
2022-10-26,86815468
2022-10-27,86863582
2022-10-28,86903107
2022-10-29,86922875
2022-10-30,86945443
2022-10-31,86980253
2022-11-01,87009085
2022-11-02,87035031
2022-11-03,87067134
2022-11-05,87121817
2022-11-06,87145774
2022-11-07,87181777
2022-11-08,87211559
2022-11-09,87248624
2022-11-10,87277576
2022-11-11,87310619
2022-11-13,87368263
2022-11-14,87400783
2022-11-15,87434237
2022-11-16,87474544
2022-11-17,87504992
2022-11-18,87533013
2022-11-19,87558807
2022-11-20,87581204
2022-11-21,87624361
2022-11-22,87643303
2022-11-23,87682761
2022-11-24,87750722
2022-11-25,87857001
2022-11-26,87978743
2022-11-27,88043952
2022-11-28,88113042
2022-11-29,88169569
2022-11-30,88194472
2022-12-01,88222149
2022-12-02,88247502
2022-12-03,88269211
2022-12-04,88296533
2022-12-05,88338956
2022-12-06,88383122
2022-12-07,88411106
2022-12-08,88438144
2022-12-09,88478190
2022-12-10,88509347
2022-12-11,88540407
2022-12-12,88578191
2022-12-13,88620712
2022-12-14,88663689
2022-12-15,88703973
2022-12-16,88734500
2022-12-17,88768301
2022-12-18,88795309
2022-12-19,88828657
2022-12-20,88867682
2022-12-21,88913443
2022-12-22,88939085
2022-12-23,88969503
2022-12-24,88987056
2022-12-25,89005644
2022-12-26,89053562
2022-12-27,89078365
2022-12-28,89109007
2022-12-29,89139373
2022-12-30,89172576
