date,total_spend_index,weekly_active_users_index
2018-01-01,0.0525366636785286,1.56390623798691
2018-01-02,0.839176424199824,1.62857905233975
2018-01-03,0.182855240476899,1.63400614165607
2018-01-04,2.36467523217057,1.6579757861365
2018-01-05,0.687483720546977,1.68013640084481
2018-01-06,0.20179609027679,1.70320153043918
2018-01-07,0.107838414919085,1.7068195899834
2018-01-08,1.2767238800151,1.73124149190685
2018-01-09,0.327275763841613,1.73078923446382
2018-01-10,0.0251622968144531,1.73305052167896
2018-01-11,0.37273380336135,1.74073889821041
2018-01-12,0.193390224088226,1.750688561957
2018-01-13,0.328354147990804,1.75882919593149
2018-01-14,0.186643410436878,1.77058788945019
2018-01-15,0.745301701468979,1.78641689995613
2018-01-16,0.386697495549591,1.80043688068996
2018-01-17,0.894063412306076,1.81897943585406
2018-01-18,0.343838638338159,1.83073812937276
2018-01-19,0.639149989962731,1.8583258333974
2018-01-20,0.706479872098108,1.86556195248583
2018-01-21,0.556860984116783,1.87505935878939
2018-01-22,0.880929246386444,1.89812448838376
2018-01-23,1.34438557265792,1.92073736053511
2018-01-24,0.63104828340599,1.9424457178004
2018-01-25,0.235170697150466,1.98088760045768
2018-01-26,1.78071638994591,2.01797271078588
2018-01-27,1.09027402570757,2.02113851288707
2018-01-28,1.42106145075295,2.03244494896274
2018-01-29,2.01395152580296,2.03561075106393
2018-01-30,0.513061997134262,2.0469171871396
2018-01-31,1.11092922979591,2.07133908906305
2018-02-01,0.52077659143232,2.10978097172034
2018-02-02,0.391785256663722,2.13465513108681
2018-02-03,1.36316051720409,2.16314734999751
2018-02-04,1.3976688099782,2.18078539027556
2018-02-05,0.75829761301051,2.18349893493372
2018-02-06,0.651316375235654,2.18530796470582
2018-02-07,1.73476063466501,2.19435311356636
2018-02-08,0.871279090794967,2.18892602425004
2018-02-09,1.17181645791177,2.20113697521176
2018-02-10,0.0,2.21063438151533
2018-02-11,0.0580668388025843,2.21470469850257
2018-02-12,3.87701222334607,2.22148856014797
2018-02-13,0.392227670673646,2.23505628343878
2018-02-14,0.834669331473719,2.23505628343878
2018-02-15,0.982159102032283,2.24591046207143
2018-02-16,0.998611373026348,2.25495561093196
2018-02-17,1.55768442719275,2.25993044280526
2018-02-18,0.045623944773459,2.25043303650169
2018-02-19,2.37186445983184,2.25947818536223
2018-02-20,0.484885754877199,2.25947818536223
2018-02-21,1.1038229547615,2.26716656189369
2018-02-22,0.356972804257792,2.26354850234947
2018-02-23,1.1369487037546,2.27756848308331
2018-02-24,0.243604214214651,2.2992768403486
2018-02-25,0.536399336157777,2.31103553386729
2018-02-26,1.42498787509103,2.33229163368956
2018-02-27,0.19980522723213,2.33183937624653
2018-02-28,1.57988808031583,2.37299480356197
2018-03-01,1.1297318252177,2.41686377553558
2018-03-02,0.740490449111051,2.41867280530769
2018-03-03,0.775109345387639,2.44716502421838
2018-03-04,0.806437787465414,2.45621017307892
2018-03-05,0.953872256272738,2.46254177728129
2018-03-06,2.35250884689765,2.47746627290118
2018-03-07,1.30647622218252,2.48017981755934
2018-03-08,0.656404136349785,2.49329528340712
2018-03-09,0.381056716923054,2.52450104697598
2018-03-10,0.0594493825835982,2.54304360214008
2018-03-11,0.064703048951451,2.54575714679824
2018-03-12,1.24312806613646,2.54033005748192
2018-03-13,1.39305111374961,2.54485263191219
2018-03-14,0.457345482759402,2.55615906798786
2018-03-15,0.629361579993153,2.57017904872169
2018-03-16,1.58547355719113,2.59188740598698
2018-03-17,0.544390439212038,2.59595772297422
2018-03-18,1.35503115977173,2.59007837621487
2018-03-19,4.4046185810566,2.59007837621487
2018-03-20,2.5680197714821,2.6022893271766
2018-03-21,5.47550934295435,2.6140480206953
2018-03-22,1.31576691639094,2.61223899092319
2018-03-23,0.667326232219794,2.64299249704902
2018-03-24,0.244627296612601,2.6628918245422
2018-03-25,0.633481560460574,2.66424859687128
2018-03-26,2.8227396376961,2.6814343797063
2018-03-27,1.63480271929771,2.68686146902262
2018-03-28,2.0831340166049,2.6999769348704
2018-03-29,1.58367625027581,2.72530335167991
2018-03-30,1.48261229988369,2.72666012400899
2018-03-31,0.992500529514267,2.74113236218585
2018-04-01,0.66193431147384,2.73570527286952
2018-04-02,1.10324228637348,2.70992659861699
2018-04-03,1.78854158774645,2.83113159334819
2018-04-04,0.916598875936603,2.85510123782862
2018-04-05,1.99183082530674,2.86052832714494
2018-04-06,1.17259068242913,2.87861862486601
2018-04-07,0.333193051224352,2.89037731838471
2018-04-08,0.513725618149149,2.91163341820698
2018-04-09,2.08412944812723,2.94464821154794
2018-04-10,0.959678940152996,2.94283918177583
2018-04-11,0.628863864231987,2.95866819228177
2018-04-12,1.25581981804617,2.95052755830729
2018-04-13,0.437022089178497,2.98535138142036
2018-04-14,0.0764546710900693,2.99756233238208
2018-04-15,0.624909789018288,3.00344167914143
2018-04-16,2.94465234830591,3.03645647248239
2018-04-17,4.83829491428504,3.06087837440584
2018-04-18,4.19289582643213,3.12962150574593
2018-04-19,2.0257307988172,3.20424398384536
2018-04-20,2.24541700562031,3.27841420450177
2018-04-21,0.490664787881837,3.29514772989376
2018-04-22,0.522048531710853,3.31414254250089
2018-04-23,3.82320361938901,3.50273389624309
2018-04-24,1.69262070021971,3.54886415543183
2018-04-25,2.18123932330564,3.62122534631613
2018-04-26,4.06368328465857,3.66871237783395
2018-04-27,1.46795733580495,3.73474196451588
2018-04-28,2.69977619381272,3.78313351091975
2018-04-29,3.09482425379964,3.80845992772926
2018-04-30,2.80200148098089,4.02192544083794
2018-05-01,6.67569559925253,4.14674849511335
2018-05-02,4.15114300424551,4.22363226042792
2018-05-03,1.92671301322098,4.27609412381904
2018-05-04,4.00951521931844,4.34755079981728
2018-05-05,1.73398641014764,4.36247529543717
2018-05-06,0.755809034204685,4.3882539696897
2018-05-07,1.06444810787823,4.38056559315824
2018-05-08,9.91671003245658,4.56644340224229
2018-05-09,2.45835639877207,4.57955886809007
2018-05-10,3.09850182025713,4.63111621659513
2018-05-11,2.27356559700175,4.68764839697349
2018-05-12,1.32735263327583,4.71387932866905
2018-05-13,0.856541174089359,4.73649220082039
2018-05-14,6.33160810303379,4.91106357382876
2018-05-15,4.88267456965559,4.92824935666378
2018-05-16,2.76058046930171,4.97211832863739
2018-05-17,4.18352217959685,5.01598730061099
2018-05-18,1.98267838547643,5.08473043195108
2018-05-19,2.27450572677284,5.10734330410242
2018-05-20,6.22031332866217,5.12859940392469
2018-05-21,8.67078922788247,5.23442764559297
2018-05-22,9.4614383653687,5.26201534961761
2018-05-23,7.79776813192342,5.31266818323662
2018-05-24,3.61980377832624,5.36241650196958
2018-05-25,6.06499836030307,5.44382284171441
2018-05-26,2.1214581302146,5.48588278391591
2018-05-27,1.10857890536819,5.48588278391591
2018-05-28,2.12588227031385,5.42120996956307
2018-05-29,7.11929859682865,5.67809219720233
2018-05-30,5.20334177422395,5.71110699054329
2018-05-31,5.46762884340257,5.83185972783147
2018-06-01,1.5186137399413,5.98698403078968
2018-06-02,3.32913777380588,6.01411947737129
2018-06-03,1.94040019665302,6.05165684514253
2018-06-04,10.0051651835658,6.25607720939067
2018-06-05,7.07715866238335,6.30130295369336
2018-06-06,2.53514288036959,6.379543491337
2018-06-07,4.78799797153176,6.45416596943644
2018-06-08,5.20909315635297,6.47994464368897
2018-06-09,1.53550842494529,6.49260785209372
2018-06-10,0.905538525688492,6.51205492214388
2018-06-11,10.6756989173576,6.62828508500178
2018-06-12,5.52201811574766,6.69521918656976
2018-06-13,5.41099985013224,6.77888681352973
2018-06-14,4.40608407746447,6.8693383021351
2018-06-15,9.69116184002197,6.99868393084079
2018-06-16,1.48042788070969,7.04345741770045
2018-06-17,3.57235487576184,7.08732638967405
2018-06-18,10.4875070578859,7.35189699384477
2018-06-19,11.1339015772612,7.44732331432344
2018-06-20,7.63797372171383,7.5341567433846
2018-06-21,7.92620644917961,7.61420631080036
2018-06-22,5.32873849516192,7.68385395702649
2018-06-23,3.77954288678459,7.71234617593719
2018-06-24,2.42719386194802,7.72862744388615
2018-06-25,11.6982835995467,7.96470582914618
2018-06-26,7.74716702953831,8.06013214962485
2018-06-27,7.19846305372951,8.15510621266049
2018-06-28,7.21369868619628,8.30254213908725
2018-06-29,7.84433220646797,8.42555616359056
2018-06-30,4.24158901839944,8.48661091839919
2018-07-01,4.29733318364992,8.57253983257429
2018-07-02,16.6142221725735,8.99585279924744
2018-07-03,8.75100441805689,9.09489717927032
2018-07-04,7.51736060225818,9.18896672741991
2018-07-05,7.60891265143692,9.26720726506356
2018-07-06,7.29466045001246,9.37755808116212
2018-07-07,5.53686663595575,9.40559804262978
2018-07-08,6.33630875188923,9.41012061706005
2018-07-09,12.5497370125219,9.50283339288056
2018-07-10,6.75096128269093,9.57021975189156
2018-07-11,3.78557077766981,9.61951581318149
2018-07-12,7.04491774141011,9.6769525084459
2018-07-13,10.3555847303016,9.73981629302664
2018-07-14,4.02284294136742,9.79046912664565
2018-07-15,3.04170692173308,9.81172522646791
2018-07-16,14.0719177154182,10.0310700863359
2018-07-17,8.38023382686458,10.1115719111947
2018-07-18,7.75786791840336,10.1970485679268
2018-07-19,7.85580731985039,10.2829774821019
2018-07-20,5.36017754074217,10.3888057237701
2018-07-21,6.07166222132755,10.4439811318194
2018-07-22,2.19987601347371,10.4760914102743
2018-07-23,13.4407588285098,10.6777982298643
2018-07-24,10.5473435527282,10.740209757002
2018-07-25,6.77769967941574,10.8487515433285
2018-07-26,8.80027827841223,10.9622681615282
2018-07-27,8.82770794702754,11.0753325222849
2018-07-28,7.73862290897165,11.1128698900562
2018-07-29,2.84076800860052,11.1580956343589
2018-07-30,17.6054231109336,11.4846255082243
2018-07-31,11.4988378336976,11.6682420300932
2018-08-01,8.25063417283233,12.001555765604
2018-08-02,12.0702708292663,12.1512529792459
2018-08-03,7.74559092962795,12.2729102314201
2018-08-04,3.03321810291766,12.305020509875
2018-08-05,2.18361729860899,12.3366785308869
2018-08-06,13.6619105317207,12.5818020650074
2018-08-07,9.70274755690687,12.6645651770814
2018-08-08,8.95863484308956,12.6451181070312
2018-08-09,11.7768673880595,12.6718012961698
2018-08-10,6.00151194987891,12.742805714725
2018-08-11,2.82807625669081,12.7830566271544
2018-08-12,2.12820494386595,12.8079307865209
2018-08-13,16.3332616253958,12.9517486534034
2018-08-14,7.23592999019499,13.0191350124144
2018-08-15,9.10869614508081,13.112752303121
2018-08-16,8.81847255457037,13.1914450982077
2018-08-17,7.16984439746252,13.2529521104593
2018-08-18,4.14638705363882,13.2674243486362
2018-08-19,3.16859678995454,13.2954643101038
2018-08-20,19.3740560682334,13.449231840733
2018-08-21,18.2334297980213,13.4944575850357
2018-08-22,13.2208237638261,13.5066685359974
2018-08-23,8.69340764413985,13.5989290543749
2018-08-24,9.55749750727355,13.7318927426248
2018-08-25,2.87353429621055,13.7884249230031
2018-08-26,3.33422553492001,13.7685255955099
2018-08-27,4.38238727705789,13.4401866918724
2018-08-28,26.8425852241462,14.1995269387145
2018-08-29,10.5550304961507,14.2872648826618
2018-08-30,10.2419396315022,14.4102789071651
2018-08-31,12.2304247008589,14.5287703572381
2018-09-01,6.36501036078308,14.6079154097678
2018-09-02,2.2349096728846,14.6861559474115
2018-09-03,19.8721589416571,15.2157494131959
2018-09-04,15.4340828011,15.2098700664366
2018-09-05,10.0366871817729,15.2948944657256
2018-09-06,8.12327423972534,15.3776575777995
2018-09-07,11.4812795276787,15.4721793833922
2018-09-08,4.41872052762294,15.5047419192901
2018-09-09,3.58106490158223,15.4943399981005
2018-09-10,19.2665218129462,15.5345909105299
2018-09-11,8.43113908888152,15.5508721784788
2018-09-12,8.15070390834065,15.5761985952883
2018-09-13,9.14301088172557,15.5965501802245
2018-09-14,10.1045700814207,15.6634842817925
2018-09-15,6.20471823481233,15.6842881241718
2018-09-16,2.93259656653546,15.6847403816148
2018-09-17,14.4442920573965,15.8656433588255
2018-09-18,12.1476932810031,15.9140349052294
2018-09-19,5.11278515656754,15.9637832239624
2018-09-20,8.63973729456089,16.0393102169478
2018-09-21,13.1249028762993,16.0935811101111
2018-09-22,3.86852340453064,16.1152894673764
2018-09-23,3.45428563686325,16.1157417248194
2018-09-24,18.0861335835921,16.2423738088669
2018-09-25,17.4343747943465,16.3581517142818
2018-09-26,15.5740515334899,16.4544825496465
2018-09-27,13.1512265098898,16.5327230872902
2018-09-28,18.7668704904877,16.7425705408546
2018-09-29,5.7962871510252,16.8031730382202
2018-09-30,3.290315944435,16.8583484462695
2018-10-01,28.5392429522065,17.3264348998023
2018-10-02,18.447834687581,17.3956302885854
2018-10-03,13.992200241005,17.4530669838498
2018-10-04,10.9685493410519,17.5222623726329
2018-10-05,12.7317903776058,17.6009551677196
2018-10-06,6.14991419933294,17.6163319207825
2018-10-07,3.76220578777067,17.6081912868081
2018-10-08,21.6576312822097,17.6366835057187
2018-10-09,15.3334889155934,17.6448241396932
2018-10-10,10.3147443870104,17.6877885967808
2018-10-11,12.5196805107227,17.709044696603
2018-10-12,12.7391178596452,17.7303007964253
2018-10-13,7.51470611819863,17.7737175109559
2018-10-14,5.85863987554893,17.775978798171
2018-10-15,13.3564236578679,17.91029925875
2018-10-16,14.9962311856529,17.9645701519132
2018-10-17,12.936904572957,17.9695449837865
2018-10-18,7.89493330885308,18.0242681343928
2018-10-19,10.4947792381741,18.0527603533035
2018-10-20,2.55552157570173,18.0857751466444
2018-10-21,7.39309756722065,18.0821570871002
2018-10-22,13.1450327137509,18.2001962797302
2018-10-23,12.0827137232954,18.2196433497804
2018-10-24,10.1374469725332,18.2544671728935
2018-10-25,14.9704882204504,18.3331599679801
2018-10-26,16.7725787372508,18.4561739924834
2018-10-27,6.86515939900268,18.4941636176977
2018-10-28,7.91415066740917,18.4815004092929
2018-10-29,28.6096420815357,18.701297526604
2018-10-30,11.5658635562012,18.752402617666
2018-10-31,17.0153810760725,18.8885321080171
2018-11-01,7.00764436107397,19.256669666641
2018-11-02,24.4386457485948,19.3656637104105
2018-11-03,7.30359168283781,19.3941559293212
2018-11-04,3.77658424309322,19.4063668802829
2018-11-05,19.4995080909226,19.50902931985
2018-11-06,11.9945350809423,19.5574208662539
2018-11-07,8.44587700558712,19.5967672637972
2018-11-08,11.7669130728362,19.4696829223066
2018-11-09,12.8892621142633,19.4728487244078
2018-11-10,13.4210437541925,19.476466783952
2018-11-11,4.99634731933055,19.4846074179265
2018-11-12,20.9551884379522,19.5669182725574
2018-11-13,12.5632582907002,19.5714408469877
2018-11-14,10.3704885522609,19.5746066490889
2018-11-15,13.0947357709976,19.6632491079221
2018-11-16,12.9528591281899,19.728374179718
2018-11-17,5.82930229651581,19.7677205772614
2018-11-18,4.03625361604325,19.7758612112358
2018-11-19,25.6705475592295,19.8342024213863
2018-11-20,16.7423286793222,19.8807849380181
2018-11-21,13.7301805436272,19.9431964651558
2018-11-22,12.6986646286127,19.8771668784739
2018-11-23,30.4964548812366,19.9481712970291
2018-11-24,15.5713693985547,19.9694273968513
2018-11-25,13.6752382537697,19.9938492987748
2018-11-26,57.2334414113891,20.2213347926173
2018-11-27,30.4930538235353,20.2936959835016
2018-11-28,17.9960746816969,20.4325390185108
2018-11-29,11.8259476922855,20.4804783074717
2018-11-30,12.1980731763832,20.6021355596459
2018-12-01,7.58054285305052,20.6396729274172
2018-12-02,5.32624991635609,20.6577632251382
2018-12-03,23.5003132844207,21.0887645683428
2018-12-04,15.7447680395694,21.1611257592271
2018-12-05,16.8538446606988,21.2190147119346
2018-12-06,22.368397040029,21.2665017434524
2018-12-07,15.3654256769348,21.343385508767
2018-12-08,10.2406676912237,21.3831841637533
2018-12-09,6.42672711516754,21.3872544807406
2018-12-10,25.0016175762237,21.3022300814515
2018-12-11,19.2598856027973,21.3053958835527
2018-12-12,16.2227410755416,21.2732856050978
2018-12-13,12.5901625926788,21.3112752303121
2018-12-14,19.6637542921071,21.3488125980833
2018-12-15,5.70412678258281,21.3718777276777
2018-12-16,5.95140856325496,21.3795661042091
2018-12-17,31.623587524146,21.4397163441317
2018-12-18,20.4877227347158,21.4600679290679
2018-12-19,19.7142171401141,21.444691176005
2018-12-20,18.0768705402593,21.4799672565611
2018-12-21,22.9258663434094,21.5731322898246
2018-12-22,15.4377603675575,21.6002677364062
2018-12-23,5.32033262897335,21.6038857959504
2018-12-24,42.9922173845479,21.6151922320261
2018-12-25,3.43277325563068,21.3451945385391
2018-12-26,14.5593473508525,21.0638904089764
2018-12-27,34.3723057678067,21.2678585157815
2018-12-28,35.4588192744299,21.361475806488
2018-12-29,7.48008722192205,21.34383776621
2018-12-30,5.24282722460971,21.3542396873996
2018-12-31,38.6935293079925,21.5505194176733
2019-01-01,8.84717416346422,21.6513728274683
2019-01-02,14.7827664258643,22.3080506347433
2019-01-03,10.5734736301894,22.2745835839593
2019-01-04,17.3792112974841,22.3320202792237
2019-01-05,9.47827774862145,22.3691053895519
2019-01-06,3.42644120511363,22.3840298851718
2019-01-07,21.0775988643232,22.5825709026606
2019-01-08,19.5572431192178,22.7933228711111
2019-01-09,16.7552139873613,22.5676464070407
2019-01-10,13.7867265842707,22.5735257538
2019-01-11,8.88292674564124,22.6078973194701
2019-01-12,6.27821426221103,22.6332237362796
2019-01-13,4.52733316705939,22.6549320935449
2019-01-14,17.757364672467,22.7657351670865
2019-01-15,12.6952912217871,22.8439757047301
2019-01-16,21.2461586021044,22.8873924192607
2019-01-17,13.5367073669121,22.9014123999945
2019-01-18,16.2746417690808,22.993220660929
2019-01-19,3.8902846436438,23.0325670584723
2019-01-20,6.88426615405629,23.0398031775607
2019-01-21,19.3948218758243,23.2247764717587
2019-01-22,15.146956108659,23.196284252848
2019-01-23,11.5932102721896,23.246484829024
2019-01-24,12.4974215558483,23.3012079796303
2019-01-25,9.96313585262303,23.4201516871463
2019-01-26,7.07320458716965,23.4735180654235
2019-01-27,5.68164662070353,23.4888948184864
2019-01-28,28.9378579751484,23.733566095164
2019-01-29,18.8727733441134,23.8041182562762
2019-01-30,13.1880851270917,23.8624594664266
2019-01-31,17.1714426180733,24.0248198884733
2019-02-01,16.4526581063242,24.5137101843853
2019-02-02,6.22056218654275,24.5634585031183
2019-02-03,7.71879723115191,24.5892371773708
2019-02-04,31.2108705546378,24.7647130652652
2019-02-05,16.0233782623194,24.8334561966053
2019-02-06,15.68661824814,24.8691845346044
2019-02-07,14.9752718219327,24.8940586939709
2019-02-08,10.6961052635653,24.727175697494
2019-02-09,6.19224768990759,24.7588337185059
2019-02-10,4.16895016814497,24.7579292036198
2019-02-11,20.9078777897659,24.8266723349599
2019-02-12,12.6856687170712,24.8542600389845
2019-02-13,11.3463432546518,24.9216463979955
2019-02-14,12.8403200644154,24.9713947167285
2019-02-15,12.5518384790691,25.097574543333
2019-02-16,5.86652037510071,25.1292325643449
2019-02-17,6.41823829635212,25.1269712771297
2019-02-18,19.2698399180206,25.2499853016331
2019-02-19,13.3252887719195,25.2635530249239
2019-02-20,11.4002348112357,25.2861658970752
2019-02-21,10.3790603237032,25.3264168095046
2019-02-22,11.9240529989863,25.3227987499604
2019-02-23,6.63922409430938,25.3562658007444
2019-02-24,6.26413996652031,25.3734515835794
2019-02-25,30.9421040436086,25.5032494697281
2019-02-26,16.8771543488467,25.5832990371439
2019-02-27,13.2932967088268,25.6484241089397
2019-02-28,17.2838710783454,25.9347030703757
2019-03-01,21.2649888484018,26.4701758829195
2019-03-02,6.83701080762123,26.5086177655768
2019-03-03,8.11467481740743,26.5248990335258
2019-03-04,34.5513451874479,26.6650988408641
2019-03-05,15.3829839829537,26.713038129825
2019-03-06,17.0176207969977,26.7510277550392
2019-03-07,12.7231080026611,26.7876606079244
2019-03-08,12.2457432859526,26.6139937498021
2019-03-09,7.43357844912874,26.6347975921813
2019-03-10,5.79954995434839,26.6474608005861
2019-03-11,25.1578173726027,26.6682646429653
2019-03-12,13.8549965961771,26.6474608005861
2019-03-13,9.73164272193006,26.6655510983072
2019-03-14,14.8618202792627,26.6913297725597
2019-03-15,14.9880465264693,26.7872083504814
2019-03-16,6.8201990752441,26.8179618566072
2019-03-17,6.03206616743931,26.847358590404
2019-03-18,30.683789563564,26.999317091261
2019-03-19,15.6578613374949,27.0377589739183
2019-03-20,13.3705532553099,27.1137382243468
2019-03-21,13.3791803285034,27.2001193959649
2019-03-22,14.1136705376048,27.2372045062931
2019-03-23,3.88367608437055,27.2507722295839
2019-03-24,7.92335840899073,27.2720283294062
2019-03-25,25.3920755908577,27.4181074835039
2019-03-26,18.0890092746566,27.4841370701858
2019-03-27,20.8672863043553,27.5420260228932
2019-03-28,17.3997558980699,27.7224767426609
2019-03-29,21.3675182952018,27.8631288074423
2019-03-30,10.6534676133588,27.9467964344023
2019-03-31,4.94751587298514,28.0010673275655
2019-04-01,44.0595135326149,28.6052832714494
2019-04-02,26.068830771664,28.6839760665361
2019-04-03,27.6019059195547,28.783924961445
2019-04-04,21.2013088818483,28.8237236164314
2019-04-05,20.8405479076305,28.8906577179993
2019-04-06,10.1311702237674,28.9318131453148
2019-04-07,8.67637470475776,28.935431204859
2019-04-08,28.7395735460754,28.8535726076711
2019-04-09,22.884611236984,28.8463364885827
2019-04-10,19.5648471100134,28.8933712626575
2019-04-11,21.4865000129958,28.9480944132638
2019-04-12,12.8706254240952,29.0236214062492
2019-04-13,9.09017005841523,29.0507568528309
2019-04-14,10.0977956168937,29.0611587740205
2019-04-15,32.6192955552323,29.2171875918647
2019-04-16,21.6758255583679,29.2705539701419
2019-04-17,19.9696835799699,29.2985939316096
2019-04-18,16.8826292222195,29.3759299543672
2019-04-19,7.65862892580218,29.1687960454609
2019-04-20,11.6771030288215,29.1850773134098
2019-04-21,4.94397656090574,29.1552283221701
2019-04-22,13.9116255894475,27.8391591629619
2019-04-23,47.6453067339283,29.373668667152
2019-04-24,21.6223764157939,29.5265316828951
2019-04-25,20.1443265103875,29.7051733728907
2019-04-26,19.9333226785292,30.1194411907033
2019-04-27,11.4324204304577,30.2026565602203
2019-04-28,7.84272845568199,30.2578319682696
2019-04-29,52.72239461007,30.9674238963787
2019-04-30,35.6178394601221,30.8281286039264
2019-05-01,38.3000849987916,31.3880233183937
2019-05-02,28.4866786376523,31.5001831642644
2019-05-03,29.4242645281847,31.6372171695015
2019-05-04,11.665130199678,31.6982719243101
2019-05-05,5.72403541302942,31.7046035285125
2019-05-06,19.3149661470329,31.2948582851302
2019-05-07,50.9066722115889,31.9022400311153
2019-05-08,24.8946086875732,31.6182223568944
2019-05-09,25.9334520846271,31.6494281204632
2019-05-10,19.892924749248,31.7502815302582
2019-05-11,12.672645154654,31.7837485810422
2019-05-12,7.85777053201942,31.8163111169402
2019-05-13,30.6280730491891,32.2902769172323
2019-05-14,17.1529994840346,31.965556073139
2019-05-15,19.7312777303718,32.0786204338957
2019-05-16,21.4332167756756,32.1220371484263
2019-05-17,19.6759759791313,32.1315345547299
2019-05-18,11.3179734562654,32.1564087140964
2019-05-19,10.8991179923694,32.1708809522732
2019-05-20,39.3841652283602,32.3703264846481
2019-05-21,24.7890652953306,32.4282154373555
2019-05-22,21.3594995412719,32.4548986264941
2019-05-23,22.8851366036207,32.5100740345434
2019-05-24,21.7106656616494,32.6140932464396
2019-05-25,12.6193342664581,32.6733389714761
2019-05-26,7.93472291887066,32.6846454075517
2019-05-27,17.0884899912125,31.7977685617761
2019-05-28,62.8269923423665,33.1857466544255
2019-05-29,31.3994495263681,33.2694142813855
2019-05-30,32.520277769636,33.3775038102689
2019-05-31,41.472331704328,33.5624771044669
2019-06-01,17.9897426311798,33.6628782568189
2019-06-02,14.3273288535227,33.7203149520833
2019-06-03,69.1779560583344,34.6831710482875
2019-06-04,42.4382044406199,34.5429712409492
2019-06-05,30.5073769771066,34.642015620972
2019-06-06,27.3879987457562,34.7184471288436
2019-06-07,19.806266905054,34.8057328153478
2019-06-08,8.85416983499615,34.8496017873214
2019-06-09,8.3367666503895,34.8532198468656
2019-06-10,40.5686734381817,34.7166380990715
2019-06-11,27.0814334877542,34.7130200395273
2019-06-12,29.0950808539253,34.7478438626403
2019-06-13,23.3393298865594,34.7926173495
2019-06-14,20.8896005609809,34.8649785403843
2019-06-15,11.8294870043649,34.9337216717244
2019-06-16,10.0532777071451,34.9450281078
2019-06-17,45.8036478141153,35.1874380972624
2019-06-18,31.4825127567314,35.2548244562734
2019-06-19,28.4357180738842,35.3204017855123
2019-06-20,25.5462568733163,35.4221597101934
2019-06-21,33.0697283190866,35.5284402093047
2019-06-22,10.3291504932086,35.566429834519
2019-06-23,14.7502489961349,35.5582892005445
2019-06-24,43.9616570837948,35.4800486629008
2019-06-25,36.6432998333757,35.5953743108727
2019-06-26,38.9038142170847,35.9128590358775
2019-06-27,30.5840528552017,35.9906473160782
2019-06-28,29.5899485749014,36.324865566475
2019-06-29,17.5056864025712,36.4460705612062
2019-06-30,15.9513477313285,36.4985324245973
2019-07-01,64.6068515551682,37.3958111915626
2019-07-02,41.9900666994421,37.5170161862938
2019-07-03,34.9830030067562,37.5844025453048
2019-07-04,27.4482776546084,37.7105823719093
2019-07-05,23.3713772514033,37.788822909553
2019-07-06,13.8625729360971,37.8480686345895
2019-07-07,9.00036001440056,37.8245512475521
2019-07-08,51.7392400765154,37.6933965890743
2019-07-09,22.623476367626,37.6359598938099
2019-07-10,23.7042661429959,37.6486231022147
2019-07-11,32.433481671064,37.6563114787461
2019-07-12,31.899211452329,37.6685224297078
2019-07-13,11.2364033731856,37.7110346293524
2019-07-14,8.01886453338317,37.7499287694527
2019-07-15,48.5395913532393,37.9520878464857
2019-07-16,24.1415923918062,38.0520367413946
2019-07-17,23.3462426054645,38.092739911267
2019-07-18,25.5168086907807,38.1370611406837
2019-07-19,25.4425660897403,38.1868094594166
2019-07-20,13.2072471838965,38.2039952422517
2019-07-21,10.759481070487,38.1908797764039
2019-07-22,36.8887013545057,38.3582150303238
2019-07-23,30.4830442065608,38.3767575854879
2019-07-24,26.8166487028144,38.4215310723476
2019-07-25,23.2418882008736,38.546354126623
2019-07-26,28.2971318852753,38.731779678264
2019-07-27,13.8691261936191,38.8014273244902
2019-07-28,13.8799376859866,38.832180830616
2019-07-29,48.7551022778238,39.1455952386336
2019-07-30,26.0054826156179,39.1786100319746
2019-07-31,31.2199400418412,39.4033819811589
2019-08-01,37.3924450065559,40.1075468199517
2019-08-02,32.8849928190675,40.2929723715928
2019-08-03,15.300529071854,40.3716651666794
2019-08-04,14.9789217375146,40.3698561369073
2019-08-05,56.2667667997042,40.5769900458136
2019-08-06,30.9823360676362,40.666989276976
2019-08-07,21.345508198208,40.6995518128739
2019-08-08,26.0247552759252,40.4349812087032
2019-08-09,22.0893167523935,40.3757354836667
2019-08-10,10.0019023802426,40.3802580580969
2019-08-11,8.86962667446789,40.4119160791088
2019-08-12,39.184581208133,40.6063867796104
2019-08-13,31.6638748499248,40.6321654538629
2019-08-14,21.754243441627,40.6493512366979
2019-08-15,20.7781951831068,40.8266361543645
2019-08-16,26.3153383278187,41.0387448951441
2019-08-17,11.2518602126573,41.0844228968898
2019-08-18,9.70316232004117,41.1011564222818
2019-08-19,51.4696163883421,41.2707529634168
2019-08-20,25.3456497706912,41.4435153066531
2019-08-21,34.2384202280533,41.5561274099668
2019-08-22,33.9252740616536,41.5461777462202
2019-08-23,28.0962759247696,41.6818549791283
2019-08-24,10.2378473019104,41.7582864869998
2019-08-25,7.87983593076441,41.7587387444428
2019-08-26,21.8354540633237,40.5290507568528
2019-08-27,71.4983345877614,42.1029066585863
2019-08-28,27.898986927219,42.4746622767544
2019-08-29,30.7002141836825,42.6691329772559
2019-08-30,29.4245410369409,42.9676228896537
2019-08-31,11.3762615020729,43.0720943589929
2019-09-01,10.7222629919021,43.1697819666867
2019-09-02,48.8277134772026,44.5279110680964
2019-09-03,25.9137370103098,44.4030880138209
2019-09-04,27.2307758669793,44.504845938502
2019-09-05,23.6285027437963,44.606603863183
2019-09-06,25.6782898044031,44.7088140453071
2019-09-07,7.13182444348464,44.7463514130783
2019-09-08,6.92936473219296,44.7635371959134
2019-09-09,48.7955278579806,44.6757992519661
2019-09-10,32.1476822206528,44.7549443044958
2019-09-11,31.2428073159792,44.8218784060638
2019-09-12,25.7406148780513,44.8318280698104
2019-09-13,25.9682368861574,44.9711233622627
2019-09-14,6.6408831468466,45.0376052063876
2019-09-15,10.4333389925458,45.0859967527915
2019-09-16,48.0033579223352,45.4342349839222
2019-09-17,29.4575285315559,45.5106664917937
2019-09-18,27.4504620737824,45.6069973271585
2019-09-19,33.3360062513099,45.6531275863472
2019-09-20,50.1945239099886,45.8412666826464
2019-09-21,11.5755137117926,45.8964420906957
2019-09-22,5.07003690285859,45.9095575565434
2019-09-23,58.979566555934,46.1402088524871
2019-09-24,29.0020909592143,46.2428712920542
2019-09-25,39.2119832258727,46.4251310415941
2019-09-26,36.0175052163376,46.6223152867538
2019-09-27,29.5077978234336,46.9402522692017
2019-09-28,16.7737953757781,47.0682411255783
2019-09-29,9.65770428052143,47.1410545739056
2019-09-30,61.37545962668,47.8406968382682
2019-10-01,47.758122306459,48.6375744528815
2019-10-02,38.9218425879892,48.8266180640667
2019-10-03,40.7669855181303,48.9894307435564
2019-10-04,47.3705676337652,49.0920931831235
2019-10-05,16.4533770290903,49.1526956804891
2019-10-06,13.358967538425,49.1793788696277
2019-10-07,59.812908645378,49.5108835753664
2019-10-08,38.6972345253256,49.2241523564874
2019-10-09,33.6549867524654,49.2065143162093
2019-10-10,37.7984981150397,49.2838503389669
2019-10-11,28.9649281823807,49.3765631147874
2019-10-12,16.7463933580384,49.4050553336981
2019-10-13,13.5957419863614,49.4294772356216
2019-10-14,58.6293405653276,49.6008828065287
2019-10-15,38.6404672776772,49.7293239203484
2019-10-16,39.0306211326793,49.8491721427505
2019-10-17,37.4071552723859,49.8324386173585
2019-10-18,27.6356123369358,49.9577139290769
2019-10-19,11.9240806498619,49.9875629203167
2019-10-20,7.69440915885482,49.9984170989494
2019-10-21,54.1293541142566,50.3728862617756
2019-10-22,36.1079512304915,50.39595139137
2019-10-23,32.1745865226313,50.4651467801531
2019-10-24,37.325668141933,50.5944924088588
2019-10-25,37.2196823356804,50.7582096032345
2019-10-26,21.5159205446558,50.8789623405227
2019-10-27,14.5388304011422,50.9056455296613
2019-10-28,68.9939118302059,51.5302130584814
2019-10-29,42.5103732259888,51.6328754980485
2019-10-30,42.795813215017,51.7622211267541
2019-10-31,63.8359174919991,52.0367413946715
2019-11-01,26.9107446325502,52.837237068829
2019-11-02,28.1551169880896,52.9172866362448
2019-11-03,20.7176397654984,52.9516582019148
2019-11-04,127.366320459269,53.3107506116781
2019-11-05,40.4052567632658,53.4916535888889
2019-11-06,15.4886379786988,53.6142153559492
2019-11-07,53.7021480859234,53.8263240967288
2019-11-08,41.0917727031661,53.6666772193403
2019-11-09,18.1239046796894,53.6874810617195
2019-11-10,12.3293595338283,53.7087371615418
2019-11-11,75.6902073317955,54.0049657867244
2019-11-12,42.2901340016733,54.0682818287482
2019-11-13,49.2138579552398,54.1917481106945
2019-11-14,34.1578455764958,54.1808939320618
2019-11-15,31.2714812739974,54.3889323558542
2019-11-16,11.6519407320071,54.4318968129417
2019-11-17,10.168775414611,54.4649116062827
2019-11-18,69.7927456268758,54.621844939013
2019-11-19,56.195123380972,54.672045515189
2019-11-20,51.4296332221952,54.8027479162238
2019-11-21,41.7294295458454,54.9225961386259
2019-11-22,39.6050957245662,54.9262141981701
2019-11-23,17.4298677016204,54.9714399424728
2019-11-24,12.2752467702394,55.0157611718894
2019-11-25,69.4463631079805,55.3196781736035
2019-11-26,46.9905339992401,55.4544508916255
2019-11-27,40.0267439268998,55.5729423416985
2019-11-28,69.5738059937143,55.9781650106506
2019-11-29,128.150914054995,56.3200716375789
2019-11-30,62.7257901375962,56.455748870487
2019-12-01,44.499770774241,56.4946430105873
2019-12-02,281.500209317127,57.6994568388109
2019-12-03,97.2549040210455,57.902972688173
2019-12-04,42.0620972304329,58.0621673081184
2019-12-05,36.0827336319259,58.1141769140665
2019-12-06,34.9614906255235,58.2195528982918
2019-12-07,18.6240260670334,58.2530199490758
2019-12-08,13.980033855732,58.2620650979363
2019-12-09,67.5635043834933,58.0097054447273
2019-12-10,48.2085274194377,58.0164893063727
2019-12-11,39.6639920896374,58.02055962336
2019-12-12,42.9606124337139,58.0083486723982
2019-12-13,41.6889210130616,58.0779963186244
2019-12-14,17.4346789539784,58.1209607757119
2019-12-15,13.3056566502291,58.1444781627493
2019-12-16,85.5364905840474,58.4040739350467
2019-12-17,49.3320377976409,58.374224943807
2019-12-18,51.5003088602806,58.4199029455527
2019-12-19,54.6728597254489,58.4624151451972
2019-12-20,56.9238345570689,58.6478406968382
2019-12-21,27.5714623054968,58.7070864218747
2019-12-22,17.3176327974777,58.7355786407854
2019-12-23,120.955879709842,58.9485918964511
2019-12-24,45.7936105462651,59.0340685531832
2019-12-25,13.8017686606081,58.5130679788162
2019-12-26,30.0720692422166,57.836943101491
2019-12-27,116.254511931629,58.5320627914233
2019-12-28,24.6923148815353,58.4909073641079
2019-12-29,17.4723117956976,58.476435125931
2019-12-30,91.7084148803741,58.6736193710908
2019-12-31,70.7087638344243,59.0001492449562
2020-01-01,23.1101870802942,59.1521077458132
2020-01-02,64.1140023481123,60.9968658559198
2020-01-03,47.6098859622587,60.96701686468
2020-01-04,15.3518214461297,61.0823425126519
2020-01-05,12.5529721649695,61.152442416321
2020-01-06,65.2915978390288,62.0076612410848
2020-01-07,34.8326928468843,62.2202222393074
2020-01-08,12.9189315038039,62.819011093875
2020-01-09,50.7875522394167,62.2704228154834
2020-01-10,36.2303340059869,62.6883086928403
2020-01-11,12.4739459624467,62.8456942830136
2020-01-12,6.81359051597086,62.919412246227
2020-01-13,67.5984550902773,63.7529227137255
2020-01-14,42.252943573964,63.9808604650111
2020-01-15,36.5125111916918,64.3227670919394
2020-01-16,39.6539824726629,64.619447974565
2020-01-17,40.4756835434707,64.7831651689407
2020-01-18,16.9213680989635,64.9473346207595
2020-01-19,13.4579576731456,65.0536151198708
2020-01-20,72.3114362362513,65.7206948483354
2020-01-21,35.4244215851582,65.9925015715946
2020-01-22,36.3019221229678,66.0802395155418
2020-01-23,30.3246599910078,66.3158656433588
2020-01-24,37.5233442517423,66.6098329813262
2020-01-25,16.6461312830393,66.7690276012717
2020-01-26,13.2171185464929,66.825107524207
2020-01-27,87.1309230249394,67.5839955136061
2020-01-28,43.444336851815,68.0520819671389
2020-01-29,38.9817896863339,68.2601203909313
2020-01-30,19.1383323535706,68.5255955099881
2020-01-31,59.5858396547843,69.0823244223541
2020-02-01,23.9696039454481,69.3012170247791
2020-02-02,20.6074510261516,69.4540800405222
2020-02-03,108.315254269156,70.947434117397
2020-02-04,57.7248527729127,71.1930099089605
2020-02-05,46.8335876292193,71.5231578423701
2020-02-06,43.2730120264718,71.9166218178035
2020-02-07,43.1228124701024,72.2802368019971
2020-02-08,14.2949220272958,72.4349088475123
2020-02-09,15.5456264333522,72.4986771469791
2020-02-10,92.743608361846,72.748775512973
2020-02-11,51.8067911656558,72.9301307476267
2020-02-12,44.68494868827,73.103345348306
2020-02-13,51.1924993128757,73.405905577691
2020-02-14,63.9139759138752,73.6768077860641
2020-02-15,18.8218957329721,73.7848973149475
2020-02-16,11.5288390337456,73.9033887650206
2020-02-17,89.430646350278,74.635141307838
2020-02-18,42.159124152984504,74.9770479347663
2020-02-19,39.7289439964694,75.1823728139005
2020-02-20,40.255969685792,75.4826717560704
2020-02-21,38.8834908235038,75.7332223795073
2020-02-22,17.8323261962736,75.8490002849221
2020-02-23,8.48657909450017,75.8725176719595
2020-02-24,82.2423035170255,76.2876900046582
2020-02-25,39.0745860249156,76.621003740169
2020-02-26,40.3467475104533,76.9222071972249
2020-02-27,46.8124347093699,77.2758725176719
2020-02-28,56.7695426711077,78.0722978748422
2020-02-29,22.6067752387514,78.2500350499518
2020-03-01,19.0067418364937,78.3653606979236
2020-03-02,133.26737677802,80.1373053597029
2020-03-03,68.2468681235729,80.5217241862758
2020-03-04,59.6244126262746,80.8817211109251
2020-03-05,52.7167538314435,81.2249845101825
2020-03-06,53.9944178412297,81.4298571318737
2020-03-07,17.9138133267265,81.5234744225803
2020-03-08,18.7854518789046,81.5908607815913
2020-03-09,103.255945906038,81.5750317710853
2020-03-10,58.5788777173206,81.7292515591575
2020-03-11,50.6595563361704,81.8766874855843
2020-03-12,59.2935145977267,82.0788465626173
2020-03-13,59.594300822724,82.2810056396503
2020-03-14,21.3571215659685,82.3687435835975
2020-03-15,10.2710283526548,82.4040196641536
2020-03-16,89.691117598621,83.0398936290494
2020-03-17,39.5317656024212,83.1891385852482
2020-03-18,45.9882174088806,83.3469764328646
2020-03-19,23.6173041391701,83.4252169705082
2020-03-20,27.9120657913873,83.6504411771356
2020-03-21,11.2606531911045,83.6531547217938
2020-03-22,10.9179482386668,83.6662701876416
2020-03-23,54.1902689932481,83.7635055378923
2020-03-24,31.0889578440279,83.6517979494647
2020-03-25,34.0122360654794,83.5414471333662
2020-03-26,53.7610168001189,83.404413128129
2020-03-27,52.7396487564571,83.2099424276275
2020-03-28,23.7253361102185,83.1470786430467
2020-03-29,11.3289785047622,83.0792400265927
2020-03-30,125.443146758128,82.9444673085707
2020-03-31,60.7842286041671,83.1027574136301
2020-04-01,73.2181084478402,84.7616377146527
2020-04-02,51.1022192039755,85.2491712382356
2020-04-03,57.5630674996584,85.7118306024521
2020-04-04,19.7720074701605,85.8687639351824
2020-04-05,17.234016549602,85.9678083152053
2020-04-06,101.828994818778,86.8646348247276
2020-04-07,57.372165854376,87.2395562449969
2020-04-08,52.1376062415768,86.6814705603017
2020-04-09,45.1590229507797,86.7755401084513
2020-04-10,24.3034606176873,85.9063013029537
2020-04-11,26.4327439457025,86.0103205148498
2020-04-12,16.554109168975,86.0284108125709
2020-04-13,24.8798154691164,81.1607639532727
2020-04-14,170.56061044285,87.2657871766924
2020-04-15,50.7183420977391,87.9600023517387
2020-04-16,55.4619327630248,88.5669318402807
2020-04-17,48.8970618732582,89.5944607508378
2020-04-18,22.8084883764013,89.7314947560749
2020-04-19,18.4151790034734,89.8133533532628
2020-04-20,110.325998293388,91.9837368223487
2020-04-21,64.6815642210941,90.6219896613948
2020-04-22,60.2864022394996,90.7341495072655
2020-04-23,55.4878692843566,90.7309837051643
2020-04-24,75.5679904615539,91.164246335584
2020-04-25,36.4229776564334,91.3930886017556
2020-04-26,22.9334979850806,91.4826355754749
2020-04-27,162.175150600493,92.5644353791952
2020-04-28,87.5363678141596,93.1700080954082
2020-04-29,76.3667136547213,93.5309095349436
2020-04-30,65.3373600381803,94.059598485842
2020-05-01,84.6311179636127,95.9093314278219
2020-05-02,36.6067453758057,96.1336511195633
2020-05-03,20.7141834060458,96.2100826274348
2020-05-04,183.215199575724,97.2624856973583
2020-05-05,93.6756640772543,97.5003731123904
2020-05-06,67.2977794687823,97.8011243120033
2020-05-07,62.1251301664969,98.0883077883254
2020-05-08,28.8513107344569,96.5031454505162
2020-05-09,26.7784628435828,96.533898956642
2020-05-10,28.4581982357634,96.6912845468154
2020-05-11,200.722213220325,97.5451465992501
2020-05-12,85.5100839978299,97.7495669634983
2020-05-13,62.6622207745452,97.9598666745057
2020-05-14,71.5812042619953,98.1701663855133
2020-05-15,69.4276434651856,99.4717633065446
2020-05-16,30.2999124573277,99.6047269947945
2020-05-17,22.6515973081319,99.6775404431218
2020-05-18,172.956088750461,99.6834197898811
2020-05-19,89.512492942114,99.9204026900272
2020-05-20,100.0,100.0
2020-05-21,130.452794148632,100.11803919263
2020-05-22,109.218912535303,99.9755780980765
2020-05-23,51.0461432282175,100.107185013997
2020-05-24,34.8488409582465,100.155124302958
2020-05-25,45.2853321506131,96.9097248917974
2020-05-26,284.059684968043,100.525523148797
2020-05-27,103.081745389631,100.901801341395
2020-05-28,98.4839301406158,101.643503547959
2020-05-29,130.507570533235,102.254051096045
2020-05-30,59.3298754991674,102.500531402495
2020-05-31,58.3578642684878,102.716710460262
2020-06-01,297.773053779293,105.844070678793
2020-06-02,144.902782286406,105.348848778678
2020-06-03,104.289812145481,105.688041860948
2020-06-04,85.724544189141,105.834121015046
2020-06-05,92.6828870389838,106.207233405543
2020-06-06,41.6252686973838,106.361000936172
2020-06-07,39.921947108299,106.495321396751
2020-06-08,200.588631840203,106.726877207581
2020-06-09,99.0433350052895,106.957076246082
2020-06-10,74.3973353404182,107.180491422937
2020-06-11,84.4979236957497,107.468127156702
2020-06-12,88.4336110771619,107.829480853681
2020-06-13,33.7389901125998,108.016263177651
2020-06-14,31.1443425478954,108.174101025267
2020-06-15,173.837985777495,109.152333874534
2020-06-16,100.70211103375,109.655696408623
2020-06-17,79.6300423445509,109.919362497908
2020-06-18,91.8836384791797,110.394685070529
2020-06-19,76.9660187329153,110.841063166797
2020-06-20,38.9563785316389,111.090257017904
2020-06-21,30.1677412718628,111.204225893547
2020-06-22,199.748681191486,112.050851826893
2020-06-23,133.639115149859,112.430295821593
2020-06-24,114.472827761036,112.831448173558
2020-06-25,113.935626549485,113.229434723421
2020-06-26,107.222464013767,113.882042213709
2020-06-27,42.5572414601652,114.132592837146
2020-06-28,32.9141644928469,114.310782269699
2020-06-29,235.53173463344,115.333336348382
2020-06-30,136.807435431057,115.815442782649
2020-07-01,155.850648772494,117.230104064437
2020-07-02,121.207364423609,117.65341703111
2020-07-03,115.877547544298,117.981303677305
2020-07-04,52.4757211486616,118.151352475883
2020-07-05,29.8617566822488,118.257632974994
2020-07-06,212.558364085715,118.948230090496
2020-07-07,111.704311490431,119.30596572793
2020-07-08,96.3847309652754,118.867728265637
2020-07-09,96.5357323970378,118.922451416244
2020-07-10,39.2775987537196,119.212348437224
2020-07-11,44.115506555746,119.33581471917
2020-07-12,42.461790637524,119.500436428432
2020-07-13,222.441091192034,119.984804149914
2020-07-14,122.013055637432,120.263394734818
2020-07-15,117.100186311599,120.626557461569
2020-07-16,122.127502611624,120.958514424751
2020-07-17,99.913259203179,121.178311542062
2020-07-18,40.2463748319517,121.316702319628
2020-07-19,34.7759532501115,121.411224125221
2020-07-20,163.475515979163,121.959812403612
2020-07-21,102.48658794278,122.323879645249
2020-07-22,102.419175108018,122.435134976233
2020-07-23,109.948674444673,122.547747079547
2020-07-24,113.022539334753,122.862970517337
2020-07-25,44.8179494000036,123.05925024761
2020-07-26,37.5699359771625,123.150606251102
2020-07-27,213.346054579509,123.991805095132
2020-07-28,154.484612564225,124.458987033779
2020-07-29,127.310216832635,124.692804131824
2020-07-30,118.188137663755,124.970037944399
2020-07-31,129.085568952711,125.549379728916
2020-08-01,61.679176844493,125.787719401392
2020-08-02,52.3128851421337,125.952793368096
2020-08-03,268.759847168079,127.76272765509
2020-08-04,145.470482413766,128.08699624174
2020-08-05,134.311695048446,128.403124194416
2020-08-06,140.963085528029,128.704779908915
2020-08-07,128.232041724065,128.960757621668
2020-08-08,22.9470192632589,129.060706516577
2020-08-09,42.1581840232134,129.164725728473
2020-08-10,201.591252590195,129.031762040223
2020-08-11,123.407323389709,129.242061751231
2020-08-12,117.208854252787,129.339749358925
2020-08-13,123.08192788541,129.503918810743
2020-08-14,90.7227164662624,129.645927647854
2020-08-15,37.5283767111052,129.821403535748
2020-08-16,31.91151609198,129.904166647822
2020-08-17,169.526965410413,130.554512850895
2020-08-18,113.439929302241,130.851645990963
2020-08-19,95.942538162356,131.100839842071
2020-08-20,102.855367670927,131.426465201051
2020-08-21,107.895237468484,131.809074997851
2020-08-22,51.2373490331318,131.944299973316
2020-08-23,37.6359939190194,131.981837341088
2020-08-24,195.044327118706,132.505551460113
2020-08-25,125.959554511212,132.960974705241
2020-08-26,124.689936906231,133.254942043208
2020-08-27,141.058564001545,133.883579889016
2020-08-28,158.703168403233,134.693120712034
2020-08-29,69.7766804681404,134.987540307444
2020-08-30,48.0892138911362,135.186985839819
2020-08-31,70.5384067897277,132.051032729871
2020-09-01,429.32756941614,137.468172382446
2020-09-02,157.669578672547,138.092739911267
2020-09-03,109.407546808784,138.467209074093
2020-09-04,103.656551792025,138.651277853405
2020-09-05,32.4374633971533,138.76117641206
2020-09-06,49.6062791820428,138.867004653729
2020-09-07,217.96706891317,140.969097248917
2020-09-08,157.775592129675,139.488406380448
2020-09-09,107.841760675035,139.478456716701
2020-09-10,94.3948910030133,139.479361231587
2020-09-11,88.7553566658796,139.648505515279
2020-09-12,41.1082249741602,139.822172373401
2020-09-13,36.7089153612227,139.861518770945
2020-09-14,180.69258254201,140.235083418885
2020-09-15,107.942188655288,140.585130679788
2020-09-16,100.098575371586,140.846083224414
2020-09-17,115.396062847122,140.929750851374
2020-09-18,189.852847570123,141.094372560636
2020-09-19,54.1310408176695,141.137789275167
2020-09-20,39.0560046364987,141.21874335746799
2020-09-21,187.832259834171,141.681402721685
2020-09-22,104.315389205429,141.576931252346
2020-09-23,94.8167051106008,141.65381501766
2020-09-24,109.066445607133,141.88084825406
2020-09-25,165.82683583841,142.218684564001
2020-09-26,57.7179677048832,142.409537204958
2020-09-27,45.1822496863007,142.512651901968
2020-09-28,240.240429893692,143.485457661919
2020-09-29,167.123827810254,143.888419043656
2020-09-30,142.714630244195,144.305400406127
2020-10-01,179.677463596239,145.786995789483
2020-10-02,156.541478248991,146.090460533754
2020-10-03,61.861257860452596,146.242871292054
2020-10-04,45.5713804589049,146.306639591521
2020-10-05,255.604334772468,146.573471482906
2020-10-06,142.098347528371,146.668897803385
2020-10-07,119.385669435993,146.633169465386
2020-10-08,109.612218590125,145.881969852518
2020-10-09,115.228194381231,145.743126817509
2020-10-10,39.3649755206797,145.736342955864
2020-10-11,50.835803017374,145.760764857787
2020-10-12,207.51324062179,145.976491658111
2020-10-13,123.374252942467,145.998200015376
2020-10-14,130.69435219805,146.002722589807
2020-10-15,115.882828861541,146.19447974565
2020-10-16,115.669806515762,146.241966777168
2020-10-17,54.1721023679656,146.398447852455
2020-10-18,46.0818985754821,146.43960327977
2020-10-19,228.67652954966,146.481210964529
2020-10-20,172.478558128499,146.66663651617
2020-10-21,134.848951561749,146.767942183408
2020-10-22,99.7398329112887,146.563069561717
2020-10-23,95.0984951840469,146.511512213212
2020-10-24,43.5945087573087,146.623219801639
2020-10-25,35.1442629133736,146.637239782373
2020-10-26,215.610965452442,147.057839204388
2020-10-27,121.556456728314,147.204822873372
2020-10-28,124.439143464355,147.552156589617
2020-10-29,194.022240152278,147.700949288372
2020-10-30,200.610061268809,147.917128346139
2020-10-31,67.4261071825361,148.079036510743
2020-11-01,60.1689136689891,148.179437663095
2020-11-02,271.928056845776,149.62801825311
2020-11-03,138.682026543734,149.936457829254
2020-11-04,95.6764537862621,150.043190585809
2020-11-05,103.470710256981,150.120074351123
2020-11-06,144.020940561124,150.087059557782
2020-11-07,67.9796224107028,150.13906916373
2020-11-08,35.2300635804233,150.082536983352
2020-11-09,262.763478281065,149.116062827604
2020-11-10,127.392312282352,149.115158312717
2020-11-11,122.128608646649,148.959581752316
2020-11-12,178.372646426593,148.695011148145
2020-11-13,128.898123666882,148.71355370331
2020-11-14,55.5598445135962,148.88541153166
2020-11-15,44.1578400463207,148.93470759295
2020-11-16,235.562344152751,149.449376563114
2020-11-17,176.881351751765,149.409125650685
2020-11-18,172.961176511575,149.40234178904
2020-11-19,153.968287763768,149.35304572775
2020-11-20,153.815323119836,149.473798465038
2020-11-21,67.5640574010057,149.594551202326
2020-11-22,57.9747060850176,149.718921999158
2020-11-23,306.085542960888,149.889423055179
2020-11-24,163.117851903015,150.033240922062
2020-11-25,129.461012541883,150.338514696105
2020-11-26,194.079283908682,150.615748508681
2020-11-27,441.984121761184,150.942278382546
2020-11-28,248.352754386672,151.186045144337
2020-11-29,133.921873003952,151.317199802815
2020-11-30,902.055980856758,152.376838991827
2020-12-01,358.718957053211,153.8281331265
2020-12-02,159.890745860248,154.188582308593
2020-12-03,117.801827280464,154.380791721879
2020-12-04,112.0907601281,154.541795371597
2020-12-05,54.7104925671681,154.615061077367
2020-12-06,49.5206720711224,154.631794602759
2020-12-07,267.491031438491,154.858375581716
2020-12-08,160.283609501061,154.144713336619
2020-12-09,135.845655024357,153.994111608091
2020-12-10,141.839231172933,154.044312184267
2020-12-11,148.183199217369,154.000895469737
2020-12-12,58.4409828006023,154.129336583556
2020-12-13,45.2241131119898,154.141095277075
2020-12-14,272.19154203956,154.13431141543
2020-12-15,157.938013373069,154.316118907526
2020-12-16,141.01730889512,154.380791721879
2020-12-17,154.219523619654,154.317475679856
2020-12-18,147.04381723656,154.359535622057
2020-12-19,70.3965577977958,154.416520059878
2020-12-20,57.9674615556051,154.423756178967
2020-12-21,358.00631103585,154.510589608028
2020-12-22,230.149602297455,154.432349070384
2020-12-23,201.034198049948,154.410640713119
2020-12-24,162.688516757259,154.53184570785
2020-12-25,59.2080180903088,153.273213243906
2020-12-26,74.0439018482397,152.849900277233
2020-12-27,99.5410231155789,152.865277030296
2020-12-28,120.437702300718,147.23738540927
2020-12-29,612.731265010971,153.477633608155
2020-12-30,199.871948795001,153.824062809513
2020-12-31,148.036566623954,154.236521597554
2021-01-01,78.9538401812569,154.453605170207
2021-01-02,89.3655285381922,154.857018809387
2021-01-03,57.8818820955603,154.87691813688
2021-01-04,388.934755546903,159.317181712518
2021-01-05,152.023021013006,157.462926196107
2021-01-06,128.801677412718,156.791776150656
2021-01-07,123.324509017226,155.158222266442
2021-01-08,121.716361742027,156.368915441425
2021-01-09,59.3373135847092,156.593235133167
2021-01-10,67.2001165760915,156.660169234735
2021-01-11,295.184544708976,155.629926779519
2021-01-12,144.395278115271,155.392039364487
2021-01-13,125.271877234536,155.276261459072
2021-01-14,117.819523840861,155.355858769045
2021-01-15,114.940680576531,155.686911217341
2021-01-16,55.3166827133914,155.833894886325
2021-01-17,57.6272175310975,155.884547719944
2021-01-18,256.837757381262,156.153188641102
2021-01-19,178.398140533915,156.173992483481
2021-01-20,142.229302075308,156.262634942314
2021-01-21,143.435986287377,156.3381619353
2021-01-22,116.718880736796,156.158163472975
2021-01-23,55.4924593297095,156.265800744415
2021-01-24,49.3553198349131,156.298363280313
2021-01-25,244.081883090991,156.860971539439
2021-01-26,145.495865917585,157.198355591937
2021-01-27,139.540282072112,157.457499106791
2021-01-28,131.334580572162,158.0893027547
2021-01-29,189.697781459645,158.736935413114
2021-01-30,79.4156651058669,159.037234355284
2021-01-31,57.1505440862795,159.187383826369
2021-02-01,230.307156986739,160.970634924224
2021-02-02,234.647680838108,161.288571906672
2021-02-03,148.333592329868,161.590227621171
2021-02-04,152.327512455336,161.647212058992
2021-02-05,184.48194148964,161.679322337447
2021-02-06,78.1812470655508,161.739924834812
2021-02-07,59.5320587017028,161.74851772623
2021-02-08,297.305090360295,160.984654904958
2021-02-09,170.718082179507,160.616517346334
2021-02-10,154.607022990596,160.506166530235
2021-02-11,134.001258667858,160.483101400641
2021-02-12,138.43645911735,160.448729834971
2021-02-13,67.5078431708697,160.580336750892
2021-02-14,62.9932570574712,160.6413915057
2021-02-15,294.671510362717,161.287215134343
2021-02-16,156.326630945421,161.554499283171
2021-02-17,108.538673344168,161.586609561626
2021-02-18,110.405577513423,161.589323106285
2021-02-19,122.738310454076,161.69017651608
2021-02-20,58.3826118021679,161.77248737071
2021-02-21,44.5552384307353,161.787864123773
2021-02-22,256.65512334779,161.616910810309
2021-02-23,146.38116400232,161.510630311198
2021-02-24,128.936503082242,161.563092174589
2021-02-25,140.827817444494,161.745351924129
2021-02-26,167.7878359374,162.275397647356
2021-02-27,98.4629707768955,162.598309461677
2021-02-28,69.2937579254322,162.787805330306
2021-03-01,378.690161431342,165.310949604953
2021-03-02,169.245258289593,165.676373618918
2021-03-03,151.55157358368,165.991597056708
2021-03-04,147.436072558109,166.185163242324
2021-03-05,150.382466911579,166.380990715154
2021-03-06,80.79505668706,166.455613193254
2021-03-07,62.141803644496,166.455160935811
2021-03-08,324.304290143955,165.71843356112
2021-03-09,174.816882076204,165.807076019953
2021-03-10,134.14537503159,166.029586681922
2021-03-11,163.343953112962,166.19511290607
2021-03-12,240.329493364065,166.320388217789
2021-03-13,74.4100547432036,166.517120205505
2021-03-14,54.9529630954823,166.63877745768
2021-03-15,282.853304915606,167.337515207156
2021-03-16,125.74951846,167.532890422544
2021-03-17,161.700578622222,167.53831751186
2021-03-18,207.407724880423,167.76399397593
2021-03-19,163.11536332421,167.910525387471
2021-03-20,41.3528522707728,167.918666021446
2021-03-21,56.1453518048555,167.958012418989
2021-03-22,260.896408206557,167.981982063469
2021-03-23,156.048933201567,167.8729880197
2021-03-24,135.943815632809,167.901027981168
2021-03-25,167.868134080201,168.071076779746
2021-03-26,232.408042865492,168.510218756925
2021-03-27,94.2610884158868,168.879713087878
2021-03-28,72.5926732921852,168.964737487167
2021-03-29,388.56329368382,169.982316733977
2021-03-30,204.521609435805,170.311107895058
2021-03-31,224.71310834,172.01023910851
2021-04-01,293.940365909566,175.646388950446
2021-04-02,127.346771290206,175.190513447875
2021-04-03,91.9665358042893,175.336592601972
2021-04-04,65.6203667501539,175.351969355035
2021-04-05,124.328042246113,171.402857362525
2021-04-06,710.369271913735,176.183670792762
2021-04-07,238.636568504214,176.276383568582
2021-04-08,209.191012801801,175.209960517925
2021-04-09,238.429822907201,175.952567239375
2021-04-10,94.1388991965208,175.935833713983
2021-04-11,69.4373489225283,175.943974347957
2021-04-12,388.502240550451,177.758883466824
2021-04-13,203.856329368381,175.789302302442
2021-04-14,194.858319678408,175.945331120286
2021-04-15,177.044049503915,176.06246579803
2021-04-16,180.560577261799,176.243368775241
2021-04-17,73.0407280807361,176.333820263846
2021-04-18,50.5715159481954,176.370000859289
2021-04-19,357.109648441236,176.544572232297
2021-04-20,231.028319473792,176.814117668341
2021-04-21,227.622174011383,176.919041395123
2021-04-22,240.004346717646,176.758490002849
2021-04-23,200.441888643287,176.762108062393
2021-04-24,76.5458360269895,176.820901529986
2021-04-25,69.3596499620352,176.884669829453
2021-04-26,377.47269337778,177.299842162152
2021-04-27,204.987803198763,177.315218915215
2021-04-28,235.977687955443,177.718180296952
2021-04-29,121.607610848212,177.783757626191
2021-04-30,401.873650982904,178.278979526305
2021-05-01,123.343477517902,178.550333992121
2021-05-02,67.6687159652284,178.640785480727
2021-05-03,132.637102719131,174.929108645805
2021-05-04,574.391528656539,180.118762804538
2021-05-05,212.960960834746,179.988512660947
2021-05-06,166.744374844117,180.206953005929
2021-05-07,194.29559670866,180.475141669644
2021-05-08,79.1856374715818,180.495945512023
2021-05-09,52.3207656416855,180.508156462985
2021-05-10,335.140170583781,182.313568175548
2021-05-11,192.044234764781,180.264841958636
2021-05-12,171.069607761268,180.316399307141
2021-05-13,166.62547607895,180.212832352688
2021-05-14,179.590750450293,180.102029279146
2021-05-15,52.8936917845376,180.187053678435
2021-05-16,62.3036442195014,180.248560690687
2021-05-17,360.013156286618,180.477402956859
2021-05-18,243.587098322642,180.489161650377
2021-05-19,176.312490287629,180.453885569821
2021-05-20,157.917938837368,180.565140900806
2021-05-21,161.874474978998,180.676396231791
2021-05-22,54.6979390696364,180.821570871002
2021-05-23,61.3290338065135,180.867701130191
2021-05-24,313.442251975792,180.893479804443
2021-05-25,211.173193471517,181.145387200209
2021-05-26,250.237078607567,181.328099207192
2021-05-27,264.925942659825,181.499052520656
2021-05-28,367.084121152863,182.190101893601
2021-05-29,91.3318652561771,182.519797569568
2021-05-30,76.5074566116284,182.577686522275
2021-05-31,149.400777874432,179.17625829327
2021-06-01,606.45468215042,184.104959907377
2021-06-02,292.160949110774,184.515609665646
2021-06-03,253.935659730536,184.707819078932
2021-06-04,205.96260716788,184.615106303112
2021-06-05,94.8128339880139,184.564001212049
2021-06-06,56.0460575105032,184.635910145491
2021-06-07,346.062625915173,186.209766047224
2021-06-08,255.087069842239,184.460434257596
2021-06-09,249.153883206018,184.309380271625
2021-06-10,258.502810158488,184.206265574615
2021-06-11,211.694633683964,184.10993473925
2021-06-12,78.2122989988724,184.211692663932
2021-06-13,59.5351002980211,184.215762980919
2021-06-14,332.753955319501,184.306666726967
2021-06-15,208.794056831397,184.48937873395
2021-06-16,202.925352037122,184.540031567569
2021-06-17,188.744268664755,184.398927245345
2021-06-18,188.372392038537,184.365007937118
2021-06-19,82.6318214018883,184.398927245345
2021-06-20,65.625012097258,184.45048459385
2021-06-21,355.35929271272,184.517418695418
2021-06-22,227.078308938808,184.394404670914
2021-06-23,169.408426106628,184.33696797565
2021-06-24,182.13778320718,184.27726999317
2021-06-25,176.701427504104,184.40118853256
2021-06-26,81.9427339305553,184.644050779465
2021-06-27,72.4655898678343,184.713698425691
2021-06-28,375.278928207818,185.541329546431
2021-06-29,216.56707742964,185.701880938705
2021-06-30,234.408224255236,185.974139919407
2021-07-01,300.837268513781,187.329103218716
2021-07-02,225.515592052252,187.54347324671
2021-07-03,80.1948944317219,187.600909941975
2021-07-04,62.381592037875,187.622166041797
2021-07-05,331.170997991991,187.672366617973
2021-07-06,223.097163517876,187.782717434072
2021-07-07,249.663986559461,187.784526463844
2021-07-08,173.605884327538,186.961417917535
2021-07-09,176.77614017003,186.725339532275
2021-07-10,71.4749972487379,186.693681511263
2021-07-11,59.4749319926713,186.705892462225
2021-07-12,292.670637701082,186.695942798478
2021-07-13,182.235224892866,186.519562395698
2021-07-14,173.807293305556,186.528607544558
2021-07-15,188.124170128094,186.654787371163
2021-07-16,180.590578461847,186.596446161012
2021-07-17,81.817586067498,186.625842894809
2021-07-18,64.0231415708241,186.651621569061
2021-07-19,393.897645306733,186.554386218811
2021-07-20,276.292194544923,186.666546064681
2021-07-21,223.675149770967,186.785037514754
2021-07-22,173.284498200204,186.613631943847
2021-07-23,165.122982799495,186.662475747694
2021-07-24,71.2083875060071,186.768756246805
2021-07-25,44.134585659924,186.746595632097
2021-07-26,327.422645292906,187.075386793178
2021-07-27,205.037215313496,187.181215034846
2021-07-28,260.639614524672,187.434026945498
2021-07-29,258.928716595667,187.604075744076
2021-07-30,233.282584759611,187.91839466698
2021-07-31,59.3144186596957,188.088443465558
2021-08-01,68.3724030988889,188.228191015453
2021-08-02,377.817527447639,189.76812760896
2021-08-03,209.340272228399,189.933653833107
2021-08-04,221.541304048474,190.022296291941
2021-08-05,300.43315096659,190.188727030975
2021-08-06,203.0804181476,190.24028437948
2021-08-07,75.8652097235963,190.336615214844
2021-08-08,80.0076427020213,190.311741055478
2021-08-09,403.48201946511,189.657324535418
2021-08-10,206.513191403231,189.572300136129
2021-08-11,216.655947343883,189.475064785878
2021-08-12,225.427496362526,189.380090722843
2021-08-13,197.911805873156,189.335317235983
2021-08-14,69.5049276625443,189.433004843677
2021-08-15,46.5348752198935,189.455617715828
2021-08-16,340.903857352449,189.811092066047
2021-08-17,221.728915239558,189.730137983745
2021-08-18,209.786004343399,189.669083228937
2021-08-19,196.298598487717,189.487727994283
2021-08-20,204.564357689514,189.582249799876
2021-08-21,90.2058386482925,189.66365613962
2021-08-22,63.9497284960522,189.691243843645
2021-08-23,358.625745951495,189.677676120354
2021-08-24,208.969363382829,189.69802770529
2021-08-25,242.579002699277,189.951744130829
2021-08-26,231.396380279173,190.285962381225
2021-08-27,200.982380309036,190.598472274357
2021-08-28,86.7498386571407,190.826862283086
2021-08-29,57.2912317414355,190.916861514248
2021-08-30,123.886623667711,186.981317245028
2021-08-31,517.895010731305,191.563137400333
2021-09-01,247.074233199741,192.954733552527
2021-09-02,207.55894751919,193.338700121657
2021-09-03,207.414803504581,193.588798487651
2021-09-04,83.0020666264438,193.796384654
2021-09-05,40.7592432729566,193.816736238936
2021-09-06,371.247209335377,195.682298191422
2021-09-07,204.72556229438,194.735723363167
2021-09-08,200.779450532859,194.164522212624
2021-09-09,235.166991933132,193.873720676758
2021-09-10,205.610639172109,193.902212895668
2021-09-11,79.4015908101761,193.886383885162
2021-09-12,50.6599710993048,193.961458620705
2021-09-13,310.494530380292,193.913971589187
2021-09-14,180.450803285587,193.866032300226
2021-09-15,208.911490100156,193.89497677658
2021-09-16,331.262771248175,193.924373510377
2021-09-17,299.700070952146,193.920755450832
2021-09-18,79.593985602742,193.956936046274
2021-09-19,41.9826286139002,193.994925671489
2021-09-20,317.605893175818,194.356279368467
2021-09-21,179.239667282543,194.553011356184
2021-09-22,178.441137645505,194.401052855327
2021-09-23,183.393077658589,194.388389646922
2021-09-24,245.44728332912,194.859189645113
2021-09-25,84.1090694319016,195.047780998855
2021-09-26,58.7483222831217,195.132805398144
2021-09-27,350.704267802047,195.698579459371
2021-09-28,232.774472269212,196.130033060019
2021-09-29,240.27333443568,196.423548140543
2021-09-30,219.098100329542,196.86088108795
2021-10-01,245.7551205274,198.005544676251
2021-10-02,85.2808582389377,198.137151592172
2021-10-03,73.0919375023848,198.466847268138
2021-10-04,416.940751362772,199.593872816161
2021-10-05,232.220431674409,199.720052642766
2021-10-06,221.321092475034,199.865679539421
2021-10-07,211.697924138163,199.945276849393
2021-10-08,201.793021029596,199.428798849457
2021-10-09,87.0204301259608,199.514727763632
2021-10-10,68.2950359489033,199.548194814416
2021-10-11,338.153673612382,199.617390203199
2021-10-12,214.937473074959,199.557239963276
2021-10-13,215.400431685469,199.500255525455
2021-10-14,323.671555157136,199.420658215482
2021-10-15,190.683231015876,199.512466476417
2021-10-16,82.2965268841168,199.605179252237
2021-10-17,59.1245677476868,199.706032662032
2021-10-18,326.155848077239,199.646334679553
2021-10-19,195.694150346658,199.552265131403
2021-10-20,203.642975212095,199.592516043832
2021-10-21,176.336961312553,199.683419789881
2021-10-22,202.567190245212,199.488496831936
2021-10-23,91.6471681908751,199.629148896717
2021-10-24,70.0438155775078,199.721861672538
2021-10-25,343.254347685426,200.027135446581
2021-10-26,217.612474084216,200.310248605916
2021-10-27,204.000252175984,200.400700094521
2021-10-28,334.838444229011,200.886424588332
2021-10-29,335.908035399755,201.164110658351
2021-10-30,119.252585771633,201.306119495461
2021-10-31,99.9180428046614,201.326018822954
2021-11-01,447.753642864607,202.928819201042
2021-11-02,229.025870712247,203.370222465436
2021-11-03,184.620278820368,203.593185384848
2021-11-04,227.089922306569,203.565597680823
2021-11-05,279.637839891475,203.589115067861
2021-11-06,110.192638120271,203.615345999556
2021-11-07,82.4586163170028,203.667355605504
2021-11-08,378.194961899858,203.050928710659
2021-11-09,209.095423724782,203.051380968102
2021-11-10,215.209336484057,203.213741390148
2021-11-11,240.293796083639,203.318212859488
2021-11-12,275.735416513434,203.281127749159
2021-11-13,96.1431729158567,203.446201715864
2021-11-14,100.394495042474,203.512231302546
2021-11-15,446.551023331254,204.054940234178
2021-11-16,245.063461524635,204.111020157114
2021-11-17,227.508031196823,204.054940234178
2021-11-18,228.587687286292,204.103331780582
2021-11-19,201.972115750988,204.144939465341
2021-11-20,84.5877060888887,204.296897966198
2021-11-21,75.569373005335,204.385088167588
2021-11-22,329.883545572236,204.656894890847
2021-11-23,239.117223675121,204.75141669644
2021-11-24,223.512037255683,204.723828992415
2021-11-25,304.918344199205,205.018700845269
2021-11-26,711.751096771981,205.444275099157
2021-11-27,455.205028477635,205.648243205962
2021-11-28,235.968093101603,205.751810160415
2021-11-29,1311.69272577355,206.511150407257
2021-11-30,506.231346028034,206.951196899322
2021-12-01,269.318228950355,208.316109862378
2021-12-02,188.24099507759,208.544047613663
2021-12-03,169.769906003612,208.662539063736
2021-12-04,85.2212982528518,208.701885461279
2021-12-05,72.2276264322462,208.72585510576
2021-12-06,379.680283985551,208.994496026918
2021-12-07,250.859361563401,209.00082763112
2021-12-08,226.984461866953,208.21344742281
2021-12-09,230.282851867069,208.069629555928
2021-12-10,221.840763031442,208.13565914261
2021-12-11,82.7697163186067,208.178171342254
2021-12-12,103.468083423797,208.226562888658
2021-12-13,472.481489121316,208.186764233672
2021-12-14,262.271928665164,208.125709478863
2021-12-15,213.518596043379,208.348672398276
2021-12-16,250.89359334742,208.558972109283
2021-12-17,281.901506475004,208.525505058499
2021-12-18,113.807907154995,208.630428785281
2021-12-19,97.0748138681306,208.649875855331
2021-12-20,492.798605953454,208.875552319402
2021-12-21,329.315956048378,209.055550781726
2021-12-22,324.657889541386,209.0605256136
2021-12-23,275.317832989816,209.151881617091
2021-12-24,195.514557909504,209.14419324056
2021-12-25,78.8758094102566,208.942034163527
2021-12-26,123.181083925384,208.835301406972
2021-12-27,198.345371602881,204.786240519553
2021-12-28,151.239367547051,201.717221511173
2021-12-29,719.066163568205,209.131077774712
2021-12-30,269.179808667,209.527255294804
2021-12-31,222.324819260051,210.257651065292
2022-01-01,108.622427846422,210.602271236878
2022-01-02,98.8031594996517,210.971313310388
2022-01-03,110.919828498208,211.241311003875
2022-01-04,468.931476153055,216.327398208156
2022-01-05,221.775534615854,215.065147684668
2022-01-06,188.599543981758,215.601072754654
2022-01-07,185.765965200819,215.975089660038
2022-01-08,97.9139626414548,216.198957094336
2022-01-09,103.448644858236,216.375789754559
2022-01-10,441.002709232792,219.133655642137
2022-01-11,203.602632584565,217.162717705426
2022-01-12,220.357404157916,217.140557090718
2022-01-13,222.743315262564,217.222415687906
2022-01-14,175.055039067921,217.498744985595
2022-01-15,78.1190049445295,217.72803950921
2022-01-16,85.0355396704346,217.884068327054
2022-01-17,361.360832313476,218.638885999466
2022-01-18,231.797179721289,218.570595125569
2022-01-19,204.996236715827,218.39150117813
2022-01-20,228.468456710617,218.362104444333
2022-01-21,171.07370009086,218.296527115095
2022-01-22,91.5339102043343,218.290647768335
2022-01-23,69.6027841113644,218.240447192159
2022-01-24,351.98757259046,217.894922505687
2022-01-25,201.444454091527,217.972258528444
2022-01-26,200.318040371383,218.044619719329
2022-01-27,238.633139795637,217.954168230723
2022-01-28,286.431162315616,218.318687729803
2022-01-29,113.632628254438,218.425420486357
2022-01-30,99.6760146903571,218.4258727438
2022-01-31,461.480671208415,218.742000696476
2022-02-01,122.249719481866,219.82877533207
2022-02-02,367.099743897589,220.068471776874
2022-02-03,229.11045474077,220.145355542188
2022-02-04,192.331555013352,219.908372642042
2022-02-05,86.1885535329247,219.913799731359
2022-02-06,101.610027534741,219.878975908246
2022-02-07,389.300936092743,219.691741326832
2022-02-08,192.68189160746,218.834713472296
2022-02-09,212.93372472226,218.401450841877
2022-02-10,200.993302404906,218.18527178411
2022-02-11,194.400531781639,218.06723259148
2022-02-12,79.7402863856489,218.016579757861
2022-02-13,101.544190799889,217.956429517938
2022-02-14,445.067194392844,217.48608177719
2022-02-15,176.618281321114,217.50100627281
2022-02-16,190.390242337803,217.306987829752
2022-02-17,208.247011908125,217.015734036442
2022-02-18,182.477778373807,216.623626833338
2022-02-19,93.6990014162777,216.428703875394
2022-02-20,91.9331888482912,216.332373040029
2022-02-21,418.503993615965,215.586148259034
2022-02-22,178.290385071623,215.087760556819
2022-02-23,200.615757349187,214.961128472771
2022-02-24,295.40000033181,214.685703689968
2022-02-25,198.113325454676,214.588016082274
2022-02-26,85.5242965478987,214.705603017461
2022-02-27,71.3631218059782,214.713291393993
2022-02-28,424.648792403307,215.389416271318
2022-03-01,249.880714122573,216.793223374473
2022-03-02,244.079919878822,216.855634901611
2022-03-03,218.780004656406,216.771062759765
2022-03-04,210.725442842597,216.381669101319
2022-03-05,88.9472260918085,216.326493693269
2022-03-06,93.3739100716102,216.26679571079
2022-03-07,400.660662371195,215.953833560215
2022-03-08,210.333132219297,214.91906853057
2022-03-09,219.527656682303,214.473142691745
2022-03-10,251.605243933258,214.167416660259
2022-03-11,205.275842370099,213.702496008828
2022-03-12,88.0234379882108,213.656365749639
2022-03-13,72.4119195182553,213.513452397642
2022-03-14,389.943293584277,212.964411861808
2022-03-15,219.539435955317,212.810192073736
2022-03-16,187.527906646219,212.635168443284
2022-03-17,225.069859937254,212.255272191142
2022-03-18,251.975323252561,211.94276229801
2022-03-19,88.6613989905218,211.910199762112
2022-03-20,83.5159304989711,211.855928868949
2022-03-21,363.621291395434,211.246738093192
2022-03-22,210.755914107532,210.925635308643
2022-03-23,242.539932012026,210.670562110775
2022-03-24,256.434192851584,210.510915233387
2022-03-25,229.932598225587,210.548904858601
2022-03-26,99.431276790242,210.580562879613
2022-03-27,68.8571782502636,210.532623590652
2022-03-28,407.995527194359,210.578753849841
2022-03-29,218.982215509818,210.215138865647
2022-03-30,211.533373777346,209.966397271983
2022-03-31,233.984557538983,209.913935408591
2022-04-01,280.352504422757,210.158606685269
2022-04-02,92.7313313730705,210.165390546914
2022-04-03,97.5385467031584,210.099813217676
2022-04-04,442.305673793771,209.685997657306
2022-04-05,255.151883494694,209.558913315815
2022-04-06,259.045652148666,209.313789781695
2022-04-07,326.04997287449,209.132434547041
2022-04-08,242.423715381794,207.967419373804
2022-04-09,99.2215725495379,207.728627443886
2022-04-10,80.0328603005871,207.611040508699
2022-04-11,429.760554477477,206.818233211073
2022-04-12,227.233181493157,206.56677807275
2022-04-13,231.518763054669,206.452356939664
2022-04-14,241.463041010119,206.255624951947
2022-04-15,113.626406807424,205.000610547548
2022-04-16,85.3575894187841,204.817898540565
2022-04-17,83.1265785193619,204.647397484544
2022-04-18,143.386767728773,198.07564457992
2022-04-19,499.785567459564,204.025091242939
2022-04-20,229.7292260354,204.268405747287
2022-04-21,286.548402028246,204.286496045008
2022-04-22,225.364424715236,205.18332255453
2022-04-23,56.0176324103654,205.202317367138
2022-04-24,98.353556262066,205.248899883769
2022-04-25,488.409914276755,206.867077014919
2022-04-26,296.824075728005,204.910611316385
2022-04-27,303.594282020128,204.795285668413
2022-04-28,401.162415160199,204.883475869804
2022-04-29,366.488410688499,205.086539461723
2022-04-30,129.66034770423,205.335733312831
2022-05-01,73.6726611921619,205.38638614645
2022-05-02,219.537915157158,202.10978097172
2022-05-03,634.938042682998,206.353764817084
2022-05-04,258.388805598306,206.480849158575
2022-05-05,241.328657754604,206.476326584144
2022-05-06,226.472257046963,206.289092002731
2022-05-07,114.042663089012,206.236177881897
2022-05-08,103.921668387472,206.169243780329
2022-05-09,453.720231758578,207.209435899291
2022-05-10,241.787081621513,205.196890277821
2022-05-11,243.883377454913,205.000610547548
2022-05-12,277.853722443828,204.520313143053
2022-05-13,233.118006747919,204.228607092301
2022-05-14,101.39266400149,204.20463744782
2022-05-15,99.7667372132672,204.155793643973
2022-05-16,453.9151704317,203.789917372565
2022-05-17,301.49588472018,203.405950803435
2022-05-18,237.267546001378,202.489677223862
2022-05-19,218.545138118888,202.056414593443
2022-05-20,229.205435498525,201.95284763899
2022-05-21,116.225478512227,201.936114113598
2022-05-22,119.844812225668,201.913953498889
2022-05-23,519.132055604805,201.851089714308
2022-05-24,274.194239658986,202.636660892846
2022-05-25,245.702279704091,203.267107768426
2022-05-26,273.014376796269,203.278414204501
2022-05-27,251.678325197523,203.33946895931
2022-05-28,131.636666388314,203.389217278043
2022-05-29,78.81890390823,203.348966365613
2022-05-30,462.090538921096,203.421327556498
2022-05-31,527.075129088114,203.569667997811
2022-06-01,367.804067001388,204.60352851257
2022-06-02,125.764035169701,203.9595139137
2022-06-03,100.355452006098,202.776860700184
2022-06-04,95.8263491829995,202.404652824573
2022-06-05,93.9982115413649,202.294302008475
2022-06-06,633.034113991289,202.898970209802
2022-06-07,271.498141031631,202.752438798261
2022-06-08,237.039536881014,201.54807722748
2022-06-09,268.423280710029,201.924355420079
2022-06-10,255.302912577332,202.479727560116
2022-06-11,116.10746457508,202.485154649432
2022-06-12,107.439965801396,202.401034765029
2022-06-13,420.924717173017,200.868334290611
2022-06-14,266.773435914394,200.580698556846
2022-06-15,273.753816512106,200.300751199612
2022-06-16,271.938481225883,200.128441113819
2022-06-17,267.994940995795,199.744474544689
2022-06-18,89.0050717236063,199.672565611248
2022-06-19,77.8309104714419,199.617842460642
2022-06-20,428.960559344033,199.2411120106
2022-06-21,232.189517995465,198.946240157747
2022-06-22,203.648062973209,198.45508857462
2022-06-23,231.563225662666,198.221271476575
2022-06-24,211.461066737599,198.050770420554
2022-06-25,96.9452418649741,198.030871093061
2022-06-26,63.0652322867107,197.896550632482
2022-06-27,439.328476364861,197.828259758584
2022-06-28,268.499154712731,197.953987327746
2022-06-29,264.826703667224,197.798410767345
2022-06-30,265.84823761614,197.887053226178
2022-07-01,244.384356019401,198.864833818002
2022-07-02,96.9626895674906,198.872069937091
2022-07-03,94.1711124666184,198.83317579699
2022-07-04,441.396208843744,198.557751014187
2022-07-05,264.786499294073,198.136699334729
2022-07-06,239.196249877644,197.849063600964
2022-07-07,230.005209424966,197.552834975781
2022-07-08,225.652132076066,196.174354289435
2022-07-09,103.593535446486,195.975813271946
2022-07-10,85.6838697511034,195.843754098583
2022-07-11,448.933643981704,194.98129915473
2022-07-12,349.197433335119,194.48517273973
2022-07-13,270.835653702644,194.041508188121
2022-07-14,221.100189629704,193.684224808129
2022-07-15,170.185526315061,193.306589843202
2022-07-16,82.2028733683909,193.17181712518
2022-07-17,91.6098671596634,193.091767557764
2022-07-18,326.708727335268,192.26187514981
2022-07-19,217.47847794096,191.939867850375
2022-07-20,185.293411736469,191.754894556177
2022-07-21,200.834696982349,191.515198111372
2022-07-22,174.161556324003,190.925906663108
2022-07-23,72.9630567711188,190.762189468733
2022-07-24,70.7514014846307,190.620632889065
2022-07-25,339.64521714509,190.021391777055
2022-07-26,209.177215014867,189.816519155364
2022-07-27,198.390553133645,189.537024055573
2022-07-28,200.889501017828,189.317226938262
2022-07-29,212.550843047546,188.999742213257
2022-07-30,102.837532856152,188.937330686119
2022-07-31,69.7871601500005,188.823361810477
2022-08-01,468.420875083851,189.395467475905
2022-08-02,232.277862543072,189.197830973303
2022-08-03,212.091617305245,188.999289955814
2022-08-04,219.495305157827,188.66100138843
2022-08-05,185.769781021655,188.261658066237
2022-08-06,71.4446365873068,188.138644041734
2022-08-07,37.962827268851,188.056333187103
2022-08-08,281.111659212911,186.755640780958
2022-08-09,231.198178802727,186.340920705702
2022-08-10,200.078749693765,185.974139919407
2022-08-11,182.272830083709,185.610977192657
2022-08-12,170.613755425792,185.069625033354
2022-08-13,82.4473347597498,184.966962593786
2022-08-14,86.1282193223213,184.881485937054
2022-08-15,320.945842441991,184.373600828535
2022-08-16,178.996975547224,184.185009474793
2022-08-17,182.282203730545,183.814158371511
2022-08-18,214.193968680405,183.502552993265
2022-08-19,84.6893230567933,183.145269613274
2022-08-20,106.320796610666,183.019542044113
2022-08-21,71.0120662891031,182.938135704368
2022-08-22,321.604707506272,182.130856168565
2022-08-23,202.773742286096,181.837793345484
2022-08-24,254.746908770358,181.533424086326
2022-08-25,260.516872287794,181.381917842912
2022-08-26,179.166973130537,181.300511503168
2022-08-27,76.8895917127007,181.329908236964
2022-08-28,37.8669893339512,181.248501897219
2022-08-29,120.856917225997,177.474865792603
2022-08-30,322.444879361994,180.573733792223
2022-08-31,185.045715192662,180.65242658731
2022-09-01,181.847255457037,181.637895555666
2022-09-02,182.143092175299,181.412219091595
2022-09-03,87.6421324134072,181.338048870939
2022-09-04,73.9827934131189,181.244883837675
2022-09-05,338.266461534036,182.174725140539
2022-09-06,189.86341020461,180.810716692369
2022-09-07,177.20721732095,180.629361457716
2022-09-08,206.59583987046,179.432688263467
2022-09-09,146.000079634521,178.534957239058
2022-09-10,56.9093178473682,178.282597585849
2022-09-11,71.1180797462313,178.136518431752
2022-09-12,289.218315276388,177.222506139394
2022-09-13,144.130769839088,176.713716515989
2022-09-14,179.283355666023,176.229348794507
2022-09-15,190.439875659541,175.828648699986
2022-09-16,173.760922787141,175.400360901439
2022-09-17,56.9323510267599,175.293175887442
2022-09-18,55.3628320248016,175.137147069597
2022-09-19,113.765380108291,171.325069082324
2022-09-20,334.914179977337,173.753239293935
2022-09-21,157.38040581531,173.57459760394
2022-09-22,162.89805509271,173.220932283493
2022-09-23,150.220598685698,172.474255245055
2022-09-24,75.5980469633532,172.264407791491
2022-09-25,83.6788771090014,172.124660241595
2022-09-26,314.425434160223,173.636556873634
2022-09-27,160.205163966926,172.135062162785
2022-09-28,183.626810510208,172.134157647899
2022-09-29,263.404314974441,171.899436034968
2022-09-30,174.879373055106,171.781849099781
2022-10-01,86.4091798694989,171.878179935146
2022-10-02,81.2675271987838,171.845617399248
2022-10-03,367.653369729258,172.449833343132
2022-10-04,196.952071631251,172.202900779239
2022-10-05,182.005446116461,171.876370905374
2022-10-06,176.069826203185,171.518635267939
2022-10-07,162.772298910389,170.998539208459
2022-10-08,68.6548291424744,170.889997422132
2022-10-09,91.2979652826665,170.754772446667
2022-10-10,342.950547514987,169.380362077308
2022-10-11,169.375881026023,169.00860645914
2022-10-12,148.256197529007,168.587554779682
2022-10-13,153.637942752732,168.269617797234
2022-10-14,133.462923770406,167.72509983583
2022-10-15,61.0319804497248,167.642788981199
2022-10-16,79.4610954945109,167.505302718519
2022-10-17,288.36158054617,166.957618955013
2022-10-18,156.116180131075,166.560536920036
2022-10-19,126.565910562689,166.221343837766
2022-10-20,155.474099148297,165.938682935874
2022-10-21,190.557060070421,165.552455079529
2022-10-22,75.8977824550769,165.384667568166
2022-10-23,69.5425328533878,165.258035484118
2022-10-24,263.882730424423,164.27663683275
2022-10-25,140.522358221517,164.161311184778
2022-10-26,165.548059710406,163.865987074482
2022-10-27,215.141287679156,163.523175932667
2022-10-28,210.18304326643,163.328252974723
2022-10-29,75.2393045030557,163.196193801359
2022-10-30,65.9040923848935,163.113430689285
2022-10-31,309.902663387641,162.70323318846
2022-11-01,183.259496278468,163.444483137581
2022-11-02,138.870992627723,163.197550573688
2022-11-03,145.740272007193,163.003984388073
2022-11-04,162.818475872674,162.449516762922
2022-11-05,54.2396534571059,162.262282181509
2022-11-06,74.147509679189,162.161881029157
2022-11-07,274.50066666261,161.617815325195
2022-11-08,152.419202758893,160.547774214994
2022-11-09,159.12675216686,160.047125225563
2022-11-10,136.571269302384,159.798383631898
2022-11-11,169.890740330073,159.366477773807
2022-11-12,76.8263265092815,159.212710243178
2022-11-13,66.5420533872045,159.13673099275
2022-11-14,293.505611192188,158.396385558515
2022-11-15,156.618071174459,158.094277586573
2022-11-16,172.061472320643,157.779506406226
2022-11-17,144.26415766308,157.273430327479
2022-11-18,145.121445410811,156.727103336303
2022-11-19,60.8036948206038,156.598662222483
2022-11-20,66.4195600082067,156.473386910765
2022-11-21,271.450305016808,155.873241283868
2022-11-22,159.92047055154,155.274904686743
2022-11-23,171.952693775953,154.934354832144
2022-11-24,298.129915980048,154.508328320813
2022-11-25,433.960390673691,154.169135238543
2022-11-26,262.152532184236,154.028030916318
2022-11-27,154.28621753165,153.950242636118
2022-11-28,749.566323666772,153.661250130024
2022-11-29,283.465357047461,153.442809785042
2022-11-30,163.014382326444,153.349192494335
2022-12-01,145.951524696932,153.886022079208
2022-12-02,127.393141808621,153.540949650178
2022-12-03,56.2336687015867,153.384468574891
2022-12-04,81.5632533135426,153.2931125714
2022-12-05,303.318962251577,152.54462650319
2022-12-06,157.049037721877,152.176941202009
2022-12-07,161.119633725441,151.804733326398
2022-12-08,138.871739201364,150.728812869437
2022-12-09,129.730663880932,149.947312007887
2022-12-10,67.9718248637779,149.778619981638
2022-12-11,64.8159198257331,149.655153699692
2022-12-12,299.968505652667,148.827974836395
2022-12-13,169.553980315894,148.375265135925
2022-12-14,156.630569370239,148.010745636846
2022-12-15,186.497358511851,147.683311248094
2022-12-16,153.571884810875,147.201204813828
2022-12-17,67.1917383607787,147.060100491603
2022-12-18,64.8726317716303,146.931659377784
2022-12-19,282.112344401609,146.095435365627
2022-12-20,177.425686889226,145.876542763202
2022-12-21,177.857482962912,145.617851505791
2022-12-22,145.67841699843,145.194538539118
2022-12-23,91.2463134470079,144.704743728319
2022-12-24,40.6034029379608,144.495348532198
2022-12-25,37.147624153814,144.238014047116
2022-12-26,129.749991842991,141.727985238317
2022-12-27,118.46229609553,139.660716466241
2022-12-28,358.751723340821,142.223659395874
2022-12-29,159.027319618129,141.850547005377
2022-12-30,123.602179110205,141.405073423995
2022-12-31,38.5855802895709,141.264873616657
